-- phpMyAdmin SQL Dump
-- version 4.8.5
-- https://www.phpmyadmin.net/
--
-- Хост: 127.0.0.1:3306
-- Время создания: Сен 26 2019 г., 09:29
-- Версия сервера: 10.3.13-MariaDB
-- Версия PHP: 7.3.2

SET SQL_MODE = "NO_AUTO_VALUE_ON_ZERO";
SET AUTOCOMMIT = 0;
START TRANSACTION;
SET time_zone = "+00:00";


/*!40101 SET @OLD_CHARACTER_SET_CLIENT=@@CHARACTER_SET_CLIENT */;
/*!40101 SET @OLD_CHARACTER_SET_RESULTS=@@CHARACTER_SET_RESULTS */;
/*!40101 SET @OLD_COLLATION_CONNECTION=@@COLLATION_CONNECTION */;
/*!40101 SET NAMES utf8mb4 */;

--
-- База данных: `laravel`
--

-- --------------------------------------------------------

--
-- Структура таблицы `comments`
--

CREATE TABLE `comments` (
  `id` int(10) UNSIGNED NOT NULL,
  `text` text COLLATE utf8mb4_unicode_ci NOT NULL,
  `user_id` int(11) NOT NULL,
  `post_id` int(11) NOT NULL,
  `status` int(11) NOT NULL DEFAULT 0,
  `created_at` timestamp NULL DEFAULT NULL,
  `updated_at` timestamp NULL DEFAULT NULL,
  `parent_id` int(11) NOT NULL
) ENGINE=InnoDB DEFAULT CHARSET=utf8mb4 COLLATE=utf8mb4_unicode_ci;

--
-- Дамп данных таблицы `comments`
--

INSERT INTO `comments` (`id`, `text`, `user_id`, `post_id`, `status`, `created_at`, `updated_at`, `parent_id`) VALUES
(1, 'Comments can have sub-comments which can have even more deeply nested comments. This lesson walks you through the process of loading data recursively ...', 1, 1, 0, NULL, NULL, 0),
(2, 'Displaying comments in a threaded manner is challenging with the WP REST API. But here\'s a simple way to do it with VueJS.', 1, 1, 0, NULL, NULL, 1),
(3, 'Commenting on posts Now that we have our feed being shown and we can post new status, let\'s start working on comments.', 1, 1, 0, NULL, NULL, 1),
(4, 'A recursive component is one which invokes itself and is useful for displaying comments on a blog, nested menus or anything where the parent ...', 1, 1, 0, NULL, NULL, 1),
(5, 'I\'ve tried this : this code just an example that may helps you, in my case child component is comment component in your case. and Each child ...', 1, 1, 0, NULL, NULL, 3),
(6, 'To define a dynamic route with a parameter, you need to define a .vue file OR a directory ... path: \'/:slug/comments\', component: \'pages/_slug/comments.vue\' } ] } ... Nuxt.js lets you create nested route by using the children routes of vue-router.', 1, 1, 0, NULL, NULL, 5),
(7, 'Reusable components for Vue.js applications. ... than the usual page, sort, filter, it is able to do nested CRUD, custom forms, filters, operations.', 1, 1, 0, NULL, NULL, 6),
(8, 'Reusable components for Vue.js applications. ... than the usual page, sort, filter, it is able', 1, 1, 0, NULL, NULL, 0);

-- --------------------------------------------------------

--
-- Структура таблицы `failed_jobs`
--

CREATE TABLE `failed_jobs` (
  `id` bigint(20) UNSIGNED NOT NULL,
  `connection` text COLLATE utf8mb4_unicode_ci NOT NULL,
  `queue` text COLLATE utf8mb4_unicode_ci NOT NULL,
  `payload` longtext COLLATE utf8mb4_unicode_ci NOT NULL,
  `exception` longtext COLLATE utf8mb4_unicode_ci NOT NULL,
  `failed_at` timestamp NOT NULL DEFAULT current_timestamp()
) ENGINE=InnoDB DEFAULT CHARSET=utf8mb4 COLLATE=utf8mb4_unicode_ci;

-- --------------------------------------------------------

--
-- Структура таблицы `houses`
--

CREATE TABLE `houses` (
  `id` int(10) UNSIGNED NOT NULL,
  `number` varchar(255) COLLATE utf8mb4_unicode_ci NOT NULL,
  `str_id` int(11) NOT NULL,
  `created_at` timestamp NULL DEFAULT NULL,
  `updated_at` timestamp NULL DEFAULT NULL
) ENGINE=InnoDB DEFAULT CHARSET=utf8mb4 COLLATE=utf8mb4_unicode_ci;

--
-- Дамп данных таблицы `houses`
--

INSERT INTO `houses` (`id`, `number`, `str_id`, `created_at`, `updated_at`) VALUES
(1, '5 ', 1, NULL, NULL),
(2, '5 ', 2, NULL, NULL),
(3, '9 ', 3, NULL, NULL),
(4, '1 ', 4, NULL, NULL),
(5, '11 ', 4, NULL, NULL),
(6, '13 ', 4, NULL, NULL),
(7, '2 ', 4, NULL, NULL),
(8, '27 ', 4, NULL, NULL),
(9, '3 ', 4, NULL, NULL),
(10, '32 ', 4, NULL, NULL),
(11, '3В ', 4, NULL, NULL),
(12, '52 ', 4, NULL, NULL),
(13, '7 ', 4, NULL, NULL),
(14, '4 ', 4, NULL, NULL),
(15, '3 ', 5, NULL, NULL),
(16, '10/24 ', 6, NULL, NULL),
(17, '11/19 ', 6, NULL, NULL),
(18, '13 ', 6, NULL, NULL),
(19, '18А ', 6, NULL, NULL),
(20, '24 ', 6, NULL, NULL),
(21, '5 ', 6, NULL, NULL),
(22, '2 ', 7, NULL, NULL),
(23, '62 ', 8, NULL, NULL),
(24, '87 ', 8, NULL, NULL),
(25, '42/1 ', 8, NULL, NULL),
(26, '2 ', 8, NULL, NULL),
(27, '73 ', 8, NULL, NULL),
(28, '1В ', 9, NULL, NULL),
(29, '1 ', 9, NULL, NULL),
(30, '1/37 ', 10, NULL, NULL),
(31, '10 ', 10, NULL, NULL),
(32, '10/30 ', 10, NULL, NULL),
(33, '12/52 ', 10, NULL, NULL),
(34, '13 ', 10, NULL, NULL),
(35, '4 ', 10, NULL, NULL),
(36, '5 ', 10, NULL, NULL),
(37, '9/77(9/97) ', 10, NULL, NULL),
(38, '1/37 ', 11, NULL, NULL),
(39, '10 ', 11, NULL, NULL),
(40, '4 ', 11, NULL, NULL),
(41, '8 ', 12, NULL, NULL),
(42, '8 ', 12, NULL, NULL),
(43, '15/50 ', 12, NULL, NULL),
(44, '37 ', 12, NULL, NULL),
(45, '140 ', 13, NULL, NULL),
(46, '142 ', 13, NULL, NULL),
(47, '17/11 ', 13, NULL, NULL),
(48, '25 ', 13, NULL, NULL),
(49, '27 ', 13, NULL, NULL),
(50, '3 ', 13, NULL, NULL),
(51, '39 ', 13, NULL, NULL),
(52, '40 ', 13, NULL, NULL),
(53, '41 ', 13, NULL, NULL),
(54, '42 ', 13, NULL, NULL),
(55, '45 ', 13, NULL, NULL),
(56, '51 ', 13, NULL, NULL),
(57, '61/2 ', 13, NULL, NULL),
(58, '65 ', 13, NULL, NULL),
(59, '69 ', 13, NULL, NULL),
(60, '72 ', 13, NULL, NULL),
(61, '74 ', 13, NULL, NULL),
(62, '78/19 ', 13, NULL, NULL),
(63, '82 ', 13, NULL, NULL),
(64, '100А ', 14, NULL, NULL),
(65, '16 ', 14, NULL, NULL),
(66, '21 ', 14, NULL, NULL),
(67, '39 ', 14, NULL, NULL),
(68, '42 ', 14, NULL, NULL),
(69, '45 ', 14, NULL, NULL),
(70, '72 ', 14, NULL, NULL),
(71, '96 ', 14, NULL, NULL),
(72, '29А ', 15, NULL, NULL),
(73, '15/8 ', 15, NULL, NULL),
(74, '47 ', 15, NULL, NULL),
(75, '10 ', 15, NULL, NULL),
(76, '56 ', 15, NULL, NULL),
(77, '14 ', 15, NULL, NULL),
(78, '9 ', 15, NULL, NULL),
(79, '1 ', 16, NULL, NULL),
(80, '10 ', 16, NULL, NULL),
(81, '11 ', 16, NULL, NULL),
(82, '13 ', 16, NULL, NULL),
(83, '15 ', 16, NULL, NULL),
(84, '17 ', 16, NULL, NULL),
(85, '29 ', 16, NULL, NULL),
(86, '41 ', 16, NULL, NULL),
(87, '47 ', 16, NULL, NULL),
(88, '5 ', 16, NULL, NULL),
(89, '7 ', 16, NULL, NULL),
(90, '9 ', 16, NULL, NULL),
(91, '17А ', 17, NULL, NULL),
(92, '41А ', 17, NULL, NULL),
(93, '19 ', 18, NULL, NULL),
(94, '31 ', 18, NULL, NULL),
(95, '124 ', 19, NULL, NULL),
(96, '132/2 ', 19, NULL, NULL),
(97, '134/1 ', 19, NULL, NULL),
(98, '136 ', 19, NULL, NULL),
(99, '14 ', 19, NULL, NULL),
(100, '142 ', 19, NULL, NULL),
(101, '144 ', 19, NULL, NULL),
(102, '15 ', 19, NULL, NULL),
(103, '152 ', 19, NULL, NULL),
(104, '156 ', 19, NULL, NULL),
(105, '158 ', 19, NULL, NULL),
(106, '16 ', 19, NULL, NULL),
(107, '162 ', 19, NULL, NULL),
(108, '18 ', 19, NULL, NULL),
(109, '26/41 ', 19, NULL, NULL),
(110, '28/42 ', 19, NULL, NULL),
(111, '30 ', 19, NULL, NULL),
(112, '31 ', 19, NULL, NULL),
(113, '32 ', 19, NULL, NULL),
(114, '33 ', 19, NULL, NULL),
(115, '34 ', 19, NULL, NULL),
(116, '34A ', 19, NULL, NULL),
(117, '35 ', 19, NULL, NULL),
(118, '36A ', 19, NULL, NULL),
(119, '37 ', 19, NULL, NULL),
(120, '38 ', 19, NULL, NULL),
(121, '39/43 ', 19, NULL, NULL),
(122, '40 ', 19, NULL, NULL),
(123, '42 ', 19, NULL, NULL),
(124, '44 ', 19, NULL, NULL),
(125, '45 ', 19, NULL, NULL),
(126, '47 ', 19, NULL, NULL),
(127, '5 ', 19, NULL, NULL),
(128, '52 ', 19, NULL, NULL),
(129, '54a ', 19, NULL, NULL),
(130, '55 ', 19, NULL, NULL),
(131, '57 ', 19, NULL, NULL),
(132, '58/2 ', 19, NULL, NULL),
(133, '61/17 ', 19, NULL, NULL),
(134, '63 ', 19, NULL, NULL),
(135, '74 ', 19, NULL, NULL),
(136, '75 ', 19, NULL, NULL),
(137, '76 ', 19, NULL, NULL),
(138, '77 ', 19, NULL, NULL),
(139, '81 ', 19, NULL, NULL),
(140, '83/1 ', 19, NULL, NULL),
(141, '84 ', 19, NULL, NULL),
(142, '86 ', 19, NULL, NULL),
(143, '94/28 ', 19, NULL, NULL),
(144, '96 ', 19, NULL, NULL),
(145, '46 ', 19, NULL, NULL),
(146, '120/25 ', 19, NULL, NULL),
(147, '36 ', 19, NULL, NULL),
(148, '81а ', 19, NULL, NULL),
(149, '140 ', 19, NULL, NULL),
(150, '160 ', 19, NULL, NULL),
(151, '23 ', 19, NULL, NULL),
(152, '122/42 ', 19, NULL, NULL),
(153, '72 ', 19, NULL, NULL),
(154, '1 ', 20, NULL, NULL),
(155, '21 ', 21, NULL, NULL),
(156, '40 ', 21, NULL, NULL),
(157, '56 ', 21, NULL, NULL),
(158, '5 ', 22, NULL, NULL),
(159, '36А ', 22, NULL, NULL),
(160, '2 ', 22, NULL, NULL),
(161, '1А ', 23, NULL, NULL),
(162, '2 ', 23, NULL, NULL),
(163, '1 ', 24, NULL, NULL),
(164, '12 ', 24, NULL, NULL),
(165, '3 ', 24, NULL, NULL),
(166, '14а ', 24, NULL, NULL),
(167, '20а ', 24, NULL, NULL),
(168, '16 ', 24, NULL, NULL),
(169, '6 ', 24, NULL, NULL),
(170, '10 ', 24, NULL, NULL),
(171, '17 ', 25, NULL, NULL),
(172, '14 ', 25, NULL, NULL),
(173, '27 ', 25, NULL, NULL),
(174, '18 ', 25, NULL, NULL),
(175, '10 ', 25, NULL, NULL),
(176, '25 ', 25, NULL, NULL),
(177, '15 ', 25, NULL, NULL),
(178, '6 ', 26, NULL, NULL),
(179, '2 ', 27, NULL, NULL),
(180, '24 ', 28, NULL, NULL),
(181, '23 ', 28, NULL, NULL),
(182, '21 ', 28, NULL, NULL),
(183, '11/128 ', 29, NULL, NULL),
(184, '101 ', 30, NULL, NULL),
(185, '105 ', 30, NULL, NULL),
(186, '107 ', 30, NULL, NULL),
(187, '35А ', 30, NULL, NULL),
(188, '36А ', 30, NULL, NULL),
(189, '37 ', 30, NULL, NULL),
(190, '38 ', 30, NULL, NULL),
(191, '39 ', 30, NULL, NULL),
(192, '45 ', 30, NULL, NULL),
(193, '47 ', 30, NULL, NULL),
(194, '49 ', 30, NULL, NULL),
(195, '52 ', 30, NULL, NULL),
(196, '53 ', 30, NULL, NULL),
(197, '59 ', 30, NULL, NULL),
(198, '61 ', 30, NULL, NULL),
(199, '63 ', 30, NULL, NULL),
(200, '65 ', 30, NULL, NULL),
(201, '69 ', 30, NULL, NULL),
(202, '77 ', 30, NULL, NULL),
(203, '79 ', 30, NULL, NULL),
(204, '83 ', 30, NULL, NULL),
(205, '83А ', 30, NULL, NULL),
(206, '83Б ', 30, NULL, NULL),
(207, '85 ', 30, NULL, NULL),
(208, '87 ', 30, NULL, NULL),
(209, '89 ', 30, NULL, NULL),
(210, '91 ', 30, NULL, NULL),
(211, '97 ', 30, NULL, NULL),
(212, '99 ', 30, NULL, NULL),
(213, '79А ', 30, NULL, NULL),
(214, '71 ', 30, NULL, NULL),
(215, '51 ', 30, NULL, NULL),
(216, '55 ', 30, NULL, NULL),
(217, '22 ', 31, NULL, NULL),
(218, '24 ', 31, NULL, NULL),
(219, '15 ', 32, NULL, NULL),
(220, '17 ', 32, NULL, NULL),
(221, '2/34 ', 32, NULL, NULL),
(222, '22/9 ', 32, NULL, NULL),
(223, '25 ', 32, NULL, NULL),
(224, '28 ', 32, NULL, NULL),
(225, '41/49 ', 32, NULL, NULL),
(226, '45 ', 32, NULL, NULL),
(227, '45а ', 32, NULL, NULL),
(228, '48 ', 32, NULL, NULL),
(229, '49 ', 32, NULL, NULL),
(230, '50 ', 32, NULL, NULL),
(231, '52 ', 32, NULL, NULL),
(232, '67 ', 32, NULL, NULL),
(233, '8Б ', 32, NULL, NULL),
(234, '69 ', 32, NULL, NULL),
(235, '73/3 ', 32, NULL, NULL),
(236, '55 ', 32, NULL, NULL),
(237, '58 ', 32, NULL, NULL),
(238, '21 ', 33, NULL, NULL),
(239, '23/22 ', 33, NULL, NULL),
(240, '3 ', 33, NULL, NULL),
(241, '5 ', 33, NULL, NULL),
(242, '7 ', 33, NULL, NULL),
(243, '92 ', 33, NULL, NULL),
(244, '19/22 ', 33, NULL, NULL),
(245, '15 ', 33, NULL, NULL),
(246, '10 ', 34, NULL, NULL),
(247, '8 ', 34, NULL, NULL),
(248, '17А ', 35, NULL, NULL),
(249, '28 ', 35, NULL, NULL),
(250, '30 ', 36, NULL, NULL),
(251, '28 ', 37, NULL, NULL),
(252, '18Б ', 37, NULL, NULL),
(253, '36 ', 37, NULL, NULL),
(254, '20Б ', 37, NULL, NULL),
(255, '10 ', 38, NULL, NULL),
(256, '4Д ', 38, NULL, NULL),
(257, '11 ', 38, NULL, NULL),
(258, '8  ', 38, NULL, NULL),
(259, '2А ', 38, NULL, NULL),
(260, '23/2 ', 39, NULL, NULL),
(261, '28 ', 39, NULL, NULL),
(262, '34 ', 39, NULL, NULL),
(263, '35 ', 39, NULL, NULL),
(264, '35/6 ', 39, NULL, NULL),
(265, '4 ', 39, NULL, NULL),
(266, '30 ', 39, NULL, NULL),
(267, '21 ', 39, NULL, NULL),
(268, '10 ', 40, NULL, NULL),
(269, '12 ', 40, NULL, NULL),
(270, '16А ', 40, NULL, NULL),
(271, '18 ', 40, NULL, NULL),
(272, '18А ', 40, NULL, NULL),
(273, '18Б ', 40, NULL, NULL),
(274, '2/3 ', 40, NULL, NULL),
(275, '20 ', 40, NULL, NULL),
(276, '20А ', 40, NULL, NULL),
(277, '20Б ', 40, NULL, NULL),
(278, '22 ', 40, NULL, NULL),
(279, '24 ', 40, NULL, NULL),
(280, '26 ', 40, NULL, NULL),
(281, '28 ', 40, NULL, NULL),
(282, '3 ', 40, NULL, NULL),
(283, '30 ', 40, NULL, NULL),
(284, '34 ', 40, NULL, NULL),
(285, '36 ', 40, NULL, NULL),
(286, '38 ', 40, NULL, NULL),
(287, '4 ', 40, NULL, NULL),
(288, '5 ', 40, NULL, NULL),
(289, '6 ', 40, NULL, NULL),
(290, '8 ', 40, NULL, NULL),
(291, '17 ', 40, NULL, NULL),
(292, '2 ', 41, NULL, NULL),
(293, '4 ', 41, NULL, NULL),
(294, '5 ', 41, NULL, NULL),
(295, '8/19 ', 42, NULL, NULL),
(296, '15/34 ', 43, NULL, NULL),
(297, '16 ', 43, NULL, NULL),
(298, '17/47 ', 43, NULL, NULL),
(299, '19 ', 43, NULL, NULL),
(300, '22 ', 43, NULL, NULL),
(301, '27/4 ', 43, NULL, NULL),
(302, '30 ', 43, NULL, NULL),
(303, '26 ', 43, NULL, NULL),
(304, '18 ', 43, NULL, NULL),
(305, '24 ', 43, NULL, NULL),
(306, '27/26 ', 44, NULL, NULL),
(307, '25Б ', 44, NULL, NULL),
(308, '7/10 ', 45, NULL, NULL),
(309, '1/71 ', 46, NULL, NULL),
(310, '12 ', 46, NULL, NULL),
(311, '16 ', 46, NULL, NULL),
(312, '25 ', 46, NULL, NULL),
(313, '6 ', 46, NULL, NULL),
(314, '7 ', 46, NULL, NULL),
(315, '8 ', 46, NULL, NULL),
(316, '24/31 ', 46, NULL, NULL),
(317, '39 ', 47, NULL, NULL),
(318, '10 ', 48, NULL, NULL),
(319, '12/21 ', 48, NULL, NULL),
(320, '4/8 ', 48, NULL, NULL),
(321, '11 ', 49, NULL, NULL),
(322, '14 ', 49, NULL, NULL),
(323, '17 ', 49, NULL, NULL),
(324, '26 ', 49, NULL, NULL),
(325, '28 ', 49, NULL, NULL),
(326, '5 ', 49, NULL, NULL),
(327, '61/32 ', 50, NULL, NULL),
(328, '12 ', 51, NULL, NULL),
(329, '4 ', 51, NULL, NULL),
(330, '22 ', 51, NULL, NULL),
(331, '27 ', 51, NULL, NULL),
(332, '291 ', 51, NULL, NULL),
(333, '28 ', 52, NULL, NULL),
(334, '182 ', 52, NULL, NULL),
(335, '12/4 ', 52, NULL, NULL),
(336, '10 ', 53, NULL, NULL),
(337, '12 ', 53, NULL, NULL),
(338, '18 ', 53, NULL, NULL),
(339, '32 ', 53, NULL, NULL),
(340, '8 ', 53, NULL, NULL),
(341, '8б ', 53, NULL, NULL),
(342, '3А ', 54, NULL, NULL),
(343, '57 ', 54, NULL, NULL),
(344, '12А ', 55, NULL, NULL),
(345, '46 ', 55, NULL, NULL),
(346, '48 ', 55, NULL, NULL),
(347, '48А ', 55, NULL, NULL),
(348, '52 ', 55, NULL, NULL),
(349, '54 ', 55, NULL, NULL),
(350, '58 ', 55, NULL, NULL),
(351, '60 ', 55, NULL, NULL),
(352, '64 ', 55, NULL, NULL),
(353, '64А ', 55, NULL, NULL),
(354, '66 ', 55, NULL, NULL),
(355, '70 ', 55, NULL, NULL),
(356, '72 ', 55, NULL, NULL),
(357, '76 ', 55, NULL, NULL),
(358, '76A ', 55, NULL, NULL),
(359, '78 ', 55, NULL, NULL),
(360, '80 ', 55, NULL, NULL),
(361, '82 ', 55, NULL, NULL),
(362, '84 ', 55, NULL, NULL),
(363, '111 ', 55, NULL, NULL),
(364, '54А ', 55, NULL, NULL),
(365, '6 ', 55, NULL, NULL),
(366, '4 ', 56, NULL, NULL),
(367, '6 ', 56, NULL, NULL),
(368, '7 ', 56, NULL, NULL),
(369, '8 ', 57, NULL, NULL),
(370, '11/2 ', 58, NULL, NULL),
(371, '18 ', 58, NULL, NULL),
(372, '10 ', 59, NULL, NULL),
(373, '12 ', 59, NULL, NULL),
(374, '1А ', 59, NULL, NULL),
(375, '1В ', 59, NULL, NULL),
(376, '1Г ', 59, NULL, NULL),
(377, '3 ', 59, NULL, NULL),
(378, '25 ', 60, NULL, NULL),
(379, '18 ', 61, NULL, NULL),
(380, '4 ', 61, NULL, NULL),
(381, '31 ', 61, NULL, NULL),
(382, '26 ', 61, NULL, NULL),
(383, '7 ', 62, NULL, NULL),
(384, '5/1 ', 62, NULL, NULL),
(385, '9 ', 62, NULL, NULL),
(386, '30А ', 63, NULL, NULL),
(387, '32 ', 63, NULL, NULL),
(388, '8 ', 63, NULL, NULL),
(389, '57 ', 63, NULL, NULL),
(390, '44 ', 63, NULL, NULL),
(391, '42А ', 63, NULL, NULL),
(392, '45 ', 63, NULL, NULL),
(393, '29 ', 64, NULL, NULL),
(394, '81 ', 65, NULL, NULL),
(395, '23 ', 65, NULL, NULL),
(396, '20 ', 66, NULL, NULL),
(397, '22 ', 66, NULL, NULL),
(398, '12 ', 66, NULL, NULL),
(399, '8 ', 67, NULL, NULL),
(400, '6 ', 68, NULL, NULL),
(401, '4 ', 68, NULL, NULL),
(402, '4 ', 69, NULL, NULL),
(403, '8/19 ', 69, NULL, NULL),
(404, '3 ', 69, NULL, NULL),
(405, '11/29 ', 70, NULL, NULL),
(406, '18 ', 70, NULL, NULL),
(407, '24/40 ', 70, NULL, NULL),
(408, '4 ', 70, NULL, NULL),
(409, '35 ', 71, NULL, NULL),
(410, '37 ', 71, NULL, NULL),
(411, '29 ', 71, NULL, NULL),
(412, '11/29 ', 72, NULL, NULL),
(413, '24/40 ', 72, NULL, NULL),
(414, '10 ', 73, NULL, NULL),
(415, '11 ', 73, NULL, NULL),
(416, '13 ', 73, NULL, NULL),
(417, '9 ', 73, NULL, NULL),
(418, '1 ', 74, NULL, NULL),
(419, '1 ', 75, NULL, NULL),
(420, '10 ', 75, NULL, NULL),
(421, '10А ', 75, NULL, NULL),
(422, '10Б ', 131, NULL, NULL),
(423, '10В ', 131, NULL, NULL),
(424, '10Г ', 131, NULL, NULL),
(425, '11 ', 75, NULL, NULL),
(426, '2 ', 75, NULL, NULL),
(427, '3 ', 75, NULL, NULL),
(428, '3Б ', 75, NULL, NULL),
(429, '2  ', 76, NULL, NULL),
(430, '3 ', 76, NULL, NULL),
(431, '4 ', 76, NULL, NULL),
(432, '5 ', 76, NULL, NULL),
(433, '13 ', 77, NULL, NULL),
(434, '14 ', 77, NULL, NULL),
(435, '15 ', 77, NULL, NULL),
(436, '18 ', 77, NULL, NULL),
(437, '22 ', 77, NULL, NULL),
(438, '22А ', 77, NULL, NULL),
(439, '23 ', 77, NULL, NULL),
(440, '25 ', 77, NULL, NULL),
(441, '26 ', 77, NULL, NULL),
(442, '35 ', 77, NULL, NULL),
(443, '37 ', 77, NULL, NULL),
(444, '7А ', 77, NULL, NULL),
(445, '16 ', 77, NULL, NULL),
(446, '2 ', 77, NULL, NULL),
(447, '14 ', 78, NULL, NULL),
(448, '6А ', 79, NULL, NULL),
(449, '6 ', 79, NULL, NULL),
(450, '16 ', 80, NULL, NULL),
(451, '17 ', 80, NULL, NULL),
(452, '17А ', 80, NULL, NULL),
(453, '18 ', 80, NULL, NULL),
(454, '14  ', 81, NULL, NULL),
(455, '24 ', 81, NULL, NULL),
(456, '32 ', 81, NULL, NULL),
(457, '38 ', 81, NULL, NULL),
(458, '5 ', 81, NULL, NULL),
(459, '56 ', 81, NULL, NULL),
(460, '58 ', 81, NULL, NULL),
(461, '59 ', 81, NULL, NULL),
(462, '61 ', 81, NULL, NULL),
(463, '63 ', 81, NULL, NULL),
(464, '64 ', 81, NULL, NULL),
(465, '66 ', 81, NULL, NULL),
(466, '66Б ', 81, NULL, NULL),
(467, '77А ', 81, NULL, NULL),
(468, '79 ', 81, NULL, NULL),
(469, '79А ', 81, NULL, NULL),
(470, '8 ', 81, NULL, NULL),
(471, '81 ', 81, NULL, NULL),
(472, '91a ', 81, NULL, NULL),
(473, '91а ', 81, NULL, NULL),
(474, '99 ', 81, NULL, NULL),
(475, '7а ', 81, NULL, NULL),
(476, '60 ', 81, NULL, NULL),
(477, '44 ', 81, NULL, NULL),
(478, '65/2 ', 81, NULL, NULL),
(479, '46 ', 81, NULL, NULL),
(480, '40 ', 81, NULL, NULL),
(481, '3 ', 81, NULL, NULL),
(482, '6 ', 82, NULL, NULL),
(483, '60/1 ', 82, NULL, NULL),
(484, '21а ', 83, NULL, NULL),
(485, '23 ', 83, NULL, NULL),
(486, '18 ', 84, NULL, NULL),
(487, '20 ', 84, NULL, NULL),
(488, '34 ', 85, NULL, NULL),
(489, '2 ', 86, NULL, NULL),
(490, '20 ', 87, NULL, NULL),
(491, '3 ', 87, NULL, NULL),
(492, '5 ', 87, NULL, NULL),
(493, '7 ', 87, NULL, NULL),
(494, '14 ', 87, NULL, NULL),
(495, '35 ', 88, NULL, NULL),
(496, '60А ', 88, NULL, NULL),
(497, '50 ', 89, NULL, NULL),
(498, '6 ', 89, NULL, NULL),
(499, '18 ', 89, NULL, NULL),
(500, '11 ', 89, NULL, NULL),
(501, '7 ', 90, NULL, NULL),
(502, '7А ', 90, NULL, NULL),
(503, '2 ', 91, NULL, NULL),
(504, '4 ', 91, NULL, NULL),
(505, '6 ', 91, NULL, NULL),
(506, '9/6 ', 91, NULL, NULL),
(507, '1 ', 92, NULL, NULL),
(508, '101 ', 92, NULL, NULL),
(509, '21 ', 92, NULL, NULL),
(510, '24 ', 92, NULL, NULL),
(511, '3 ', 92, NULL, NULL),
(512, '4 ', 92, NULL, NULL),
(513, '40 ', 92, NULL, NULL),
(514, '40А ', 92, NULL, NULL),
(515, '6 ', 92, NULL, NULL),
(516, '61/52 ', 92, NULL, NULL),
(517, '63/62 ', 92, NULL, NULL),
(518, '67 ', 92, NULL, NULL),
(519, '67/15 ', 92, NULL, NULL),
(520, '69/15 ', 92, NULL, NULL),
(521, '70 ', 92, NULL, NULL),
(522, '70A ', 92, NULL, NULL),
(523, '78 ', 92, NULL, NULL),
(524, '2 ', 92, NULL, NULL),
(525, '65 ', 92, NULL, NULL),
(526, '37 ', 93, NULL, NULL),
(527, '44 ', 94, NULL, NULL),
(528, '44А ', 94, NULL, NULL),
(529, '46 ', 94, NULL, NULL),
(530, '31 ', 95, NULL, NULL),
(531, '33 ', 95, NULL, NULL),
(532, '40А ', 95, NULL, NULL),
(533, '42А ', 95, NULL, NULL),
(534, '48 ', 95, NULL, NULL),
(535, '50 ', 95, NULL, NULL),
(536, '57/2 ', 95, NULL, NULL),
(537, '18 ', 95, NULL, NULL),
(538, '18 ', 95, NULL, NULL),
(539, '44 ', 95, NULL, NULL),
(540, '44А ', 95, NULL, NULL),
(541, '46 ', 95, NULL, NULL),
(542, '70 ', 96, NULL, NULL),
(543, '62 ', 96, NULL, NULL),
(544, '50А ', 97, NULL, NULL),
(545, '53 ', 97, NULL, NULL),
(546, '60 ', 97, NULL, NULL),
(547, '61/2 ', 97, NULL, NULL),
(548, '68а ', 97, NULL, NULL),
(549, '46 ', 97, NULL, NULL),
(550, '30/1 ', 98, NULL, NULL),
(551, '32Б ', 99, NULL, NULL),
(552, '21/11 ', 100, NULL, NULL),
(553, '2 ', 101, NULL, NULL),
(554, '2 ', 102, NULL, NULL),
(555, '2 ', 102, NULL, NULL),
(556, '60 ', 103, NULL, NULL),
(557, '12А ', 103, NULL, NULL),
(558, '19 ', 104, NULL, NULL),
(559, '15 ', 104, NULL, NULL),
(560, '9 ', 105, NULL, NULL),
(561, '28 ', 106, NULL, NULL),
(562, '64 ', 107, NULL, NULL),
(563, '11 ', 108, NULL, NULL),
(564, '13/39 ', 108, NULL, NULL),
(565, '16 ', 108, NULL, NULL),
(566, '21 ', 108, NULL, NULL),
(567, '22/19 ', 108, NULL, NULL),
(568, '23 ', 108, NULL, NULL),
(569, '24 ', 108, NULL, NULL),
(570, '24/14 ', 108, NULL, NULL),
(571, '26/37 ', 108, NULL, NULL),
(572, '28/40 ', 108, NULL, NULL),
(573, '29/2 ', 108, NULL, NULL),
(574, '31 ', 108, NULL, NULL),
(575, '32/29 ', 108, NULL, NULL),
(576, '34/32 ', 108, NULL, NULL),
(577, '36 ', 108, NULL, NULL),
(578, '38 ', 108, NULL, NULL),
(579, '3А ', 108, NULL, NULL),
(580, '4 ', 108, NULL, NULL),
(581, '4/28 ', 108, NULL, NULL),
(582, '40/2 ', 108, NULL, NULL),
(583, '5/9 ', 108, NULL, NULL),
(584, '6 ', 108, NULL, NULL),
(585, '7А ', 108, NULL, NULL),
(586, '9/16 ', 108, NULL, NULL),
(587, '12/16 ', 108, NULL, NULL),
(588, '30 ', 108, NULL, NULL),
(589, '27 ', 108, NULL, NULL),
(590, '1 ', 109, NULL, NULL),
(591, '10 ', 109, NULL, NULL),
(592, '12 ', 109, NULL, NULL),
(593, '2Д ', 109, NULL, NULL),
(594, '60 ', 109, NULL, NULL),
(595, '62 ', 109, NULL, NULL),
(596, '64Б ', 109, NULL, NULL),
(597, '7 ', 109, NULL, NULL),
(598, '8 ', 109, NULL, NULL),
(599, '18 ', 110, NULL, NULL),
(600, '7 ', 110, NULL, NULL),
(601, '13/17 ', 111, NULL, NULL),
(602, '17 ', 111, NULL, NULL),
(603, '19 ', 111, NULL, NULL),
(604, '24 ', 111, NULL, NULL),
(605, '26 ', 111, NULL, NULL),
(606, '28 ', 111, NULL, NULL),
(607, '32 ', 111, NULL, NULL),
(608, '40 ', 111, NULL, NULL),
(609, '36 ', 111, NULL, NULL),
(610, '4 ', 112, NULL, NULL),
(611, ' 37 ', 113, NULL, NULL),
(612, ' 49 ', 113, NULL, NULL),
(613, ' 1 ', 113, NULL, NULL),
(614, '2322Б ', 113, NULL, NULL),
(615, '32 ', 113, NULL, NULL),
(616, '36 ', 113, NULL, NULL),
(617, '4 ', 114, NULL, NULL),
(618, '1 ', 115, NULL, NULL),
(619, '10 ', 115, NULL, NULL),
(620, '11 ', 115, NULL, NULL),
(621, '12 ', 115, NULL, NULL),
(622, '13 ', 115, NULL, NULL),
(623, '15 ', 115, NULL, NULL),
(624, '18 ', 115, NULL, NULL),
(625, '19 ', 115, NULL, NULL),
(626, '1А ', 115, NULL, NULL),
(627, '20 ', 115, NULL, NULL),
(628, '20А ', 115, NULL, NULL),
(629, '21 ', 115, NULL, NULL),
(630, '22 ', 115, NULL, NULL),
(631, '23 ', 115, NULL, NULL),
(632, '24/36А ', 115, NULL, NULL),
(633, '8 ', 115, NULL, NULL),
(634, '10 ', 116, NULL, NULL),
(635, '29 ', 116, NULL, NULL),
(636, '140 ', 117, NULL, NULL),
(637, '7 ', 118, NULL, NULL),
(638, ' 11 ', 119, NULL, NULL),
(639, ' 17 ', 119, NULL, NULL),
(640, ' 21 ', 119, NULL, NULL),
(641, ' 23 ', 119, NULL, NULL),
(642, ' 27 ', 119, NULL, NULL),
(643, ' 29 ', 119, NULL, NULL),
(644, ' 3 ', 119, NULL, NULL),
(645, ' 31 ', 119, NULL, NULL),
(646, ' 33 ', 119, NULL, NULL),
(647, ' 5А ', 119, NULL, NULL),
(648, ' 7 ', 119, NULL, NULL),
(649, ' 9 ', 119, NULL, NULL),
(650, '13 ', 119, NULL, NULL),
(651, '27  ', 119, NULL, NULL),
(652, '72 ', 120, NULL, NULL),
(653, '73 ', 120, NULL, NULL),
(654, '74 ', 120, NULL, NULL),
(655, '76 ', 120, NULL, NULL),
(656, '77 ', 120, NULL, NULL),
(657, '78 ', 120, NULL, NULL),
(658, '79 ', 120, NULL, NULL),
(659, '80 ', 120, NULL, NULL),
(660, '83 ', 120, NULL, NULL),
(661, '85 ', 120, NULL, NULL),
(662, '87 ', 120, NULL, NULL),
(663, '89 ', 120, NULL, NULL),
(664, '91 ', 120, NULL, NULL),
(665, '1 ', 121, NULL, NULL),
(666, '10 ', 121, NULL, NULL),
(667, '11 ', 121, NULL, NULL),
(668, '16 ', 121, NULL, NULL),
(669, '17 ', 121, NULL, NULL),
(670, '1А ', 121, NULL, NULL),
(671, '1Б ', 121, NULL, NULL),
(672, '1В ', 121, NULL, NULL),
(673, '1Г ', 121, NULL, NULL),
(674, '21 ', 121, NULL, NULL),
(675, '23 ', 121, NULL, NULL),
(676, '28 ', 121, NULL, NULL),
(677, '29 ', 121, NULL, NULL),
(678, '2А ', 121, NULL, NULL),
(679, '30 ', 121, NULL, NULL),
(680, '35 ', 121, NULL, NULL),
(681, '37 ', 121, NULL, NULL),
(682, '4 ', 121, NULL, NULL),
(683, '4А ', 121, NULL, NULL),
(684, '6 ', 121, NULL, NULL),
(685, '8 ', 121, NULL, NULL),
(686, '45 ', 121, NULL, NULL),
(687, '31 ', 121, NULL, NULL),
(688, '33 ', 121, NULL, NULL),
(689, '10 ', 122, NULL, NULL),
(690, '40 ', 122, NULL, NULL),
(691, '30 ', 122, NULL, NULL),
(692, '17А ', 123, NULL, NULL),
(693, '21 ', 123, NULL, NULL),
(694, '33/27 ', 123, NULL, NULL),
(695, '37 ', 123, NULL, NULL),
(696, '45 ', 123, NULL, NULL),
(697, '47 ', 123, NULL, NULL),
(698, '49 ', 123, NULL, NULL),
(699, '53 ', 123, NULL, NULL),
(700, '55/1 ', 123, NULL, NULL),
(701, '6 ', 123, NULL, NULL),
(702, '7 ', 123, NULL, NULL),
(703, '15 ', 123, NULL, NULL),
(704, '22 ', 123, NULL, NULL),
(705, '14А ', 123, NULL, NULL),
(706, '9 ', 123, NULL, NULL),
(707, '17 ', 123, NULL, NULL),
(708, '25 ', 123, NULL, NULL),
(709, '4 ', 124, NULL, NULL),
(710, '1 ', 124, NULL, NULL),
(711, '153 ', 124, NULL, NULL),
(712, '151 ', 124, NULL, NULL),
(713, '73 ', 125, NULL, NULL),
(714, '4 ', 126, NULL, NULL),
(715, '12 ', 127, NULL, NULL),
(716, '1 ', 127, NULL, NULL),
(717, '8 ', 127, NULL, NULL),
(718, '14 ', 127, NULL, NULL),
(719, '21 ', 127, NULL, NULL),
(720, '26 ', 127, NULL, NULL),
(721, '47 ', 128, NULL, NULL),
(722, '49 ', 128, NULL, NULL),
(723, '53/1 ', 128, NULL, NULL),
(724, '57 ', 128, NULL, NULL),
(725, '6/1 ', 128, NULL, NULL),
(726, '70 ', 128, NULL, NULL),
(727, '72 ', 128, NULL, NULL),
(728, '34 ', 128, NULL, NULL),
(729, '74 ', 128, NULL, NULL),
(730, '82 ', 128, NULL, NULL),
(731, '47А ', 128, NULL, NULL),
(732, '53В ', 129, NULL, NULL),
(733, '57 ', 129, NULL, NULL),
(734, '48 ', 129, NULL, NULL),
(735, '23 ', 130, NULL, NULL),
(736, '31 ', 131, NULL, NULL),
(737, '82 ', 132, NULL, NULL),
(738, '3 ', 132, NULL, NULL),
(739, '1 ', 132, NULL, NULL),
(740, '5 ', 132, NULL, NULL),
(741, '8 ', 132, NULL, NULL),
(742, '10 ', 132, NULL, NULL),
(743, '12 ', 132, NULL, NULL),
(744, '14 ', 132, NULL, NULL),
(745, '74 ', 132, NULL, NULL),
(746, '29/38 ', 133, NULL, NULL),
(747, '8А ', 134, NULL, NULL),
(748, '6А ', 134, NULL, NULL),
(749, '6Б ', 134, NULL, NULL),
(750, '6Б ', 134, NULL, NULL),
(751, '1 ', 135, NULL, NULL),
(752, '11 ', 135, NULL, NULL),
(753, '27 ', 135, NULL, NULL),
(754, '31/16 ', 135, NULL, NULL),
(755, '37/18 ', 135, NULL, NULL),
(756, '39/41 ', 135, NULL, NULL),
(757, '4 ', 135, NULL, NULL),
(758, '41/44 ', 135, NULL, NULL),
(759, '47 ', 135, NULL, NULL),
(760, '57А ', 135, NULL, NULL),
(761, '59/3 ', 135, NULL, NULL),
(762, '6/9 ', 135, NULL, NULL),
(763, '7 ', 135, NULL, NULL),
(764, '8/18 ', 135, NULL, NULL),
(765, '14 ', 136, NULL, NULL),
(766, '14А ', 136, NULL, NULL),
(767, '16 ', 136, NULL, NULL),
(768, '14Б ', 136, NULL, NULL),
(769, '11 ', 136, NULL, NULL),
(770, '54 ', 137, NULL, NULL),
(771, '6 ', 137, NULL, NULL),
(772, '16 ', 138, NULL, NULL),
(773, '2 ', 138, NULL, NULL),
(774, '4А ', 138, NULL, NULL),
(775, '8 ', 138, NULL, NULL),
(776, '10 ', 138, NULL, NULL),
(777, '6 ', 138, NULL, NULL),
(778, '4 ', 139, NULL, NULL),
(779, '20 ', 140, NULL, NULL),
(780, '24 ', 141, NULL, NULL),
(781, '15/22 ', 142, NULL, NULL),
(782, '5 ', 143, NULL, NULL),
(783, '5 ', 143, NULL, NULL),
(784, '16 ', 144, NULL, NULL),
(785, '18 ', 144, NULL, NULL),
(786, '3 ', 144, NULL, NULL),
(787, '5 ', 144, NULL, NULL),
(788, '7 ', 144, NULL, NULL),
(789, '8 ', 144, NULL, NULL),
(790, '6 ', 145, NULL, NULL),
(791, '6 ', 146, NULL, NULL),
(792, '6 ', 147, NULL, NULL),
(793, '14 ', 148, NULL, NULL),
(794, '26 ', 149, NULL, NULL),
(795, '2А ', 149, NULL, NULL),
(796, '5А ', 150, NULL, NULL),
(797, '7 ', 151, NULL, NULL),
(798, '15 ', 152, NULL, NULL),
(799, '3 ', 152, NULL, NULL),
(800, '14 ', 153, NULL, NULL),
(801, '39 ', 153, NULL, NULL),
(802, '3 ', 154, NULL, NULL),
(803, '5 ', 154, NULL, NULL),
(804, '5/1 ', 154, NULL, NULL),
(805, '7 ', 154, NULL, NULL),
(806, '15/2 ', 155, NULL, NULL),
(807, '20 ', 156, NULL, NULL),
(808, '10 ', 157, NULL, NULL),
(809, '5 ', 157, NULL, NULL),
(810, '15В ', 158, NULL, NULL),
(811, '20 ', 159, NULL, NULL),
(812, '12 ', 160, NULL, NULL),
(813, '14 ', 160, NULL, NULL),
(814, '12 ', 160, NULL, NULL),
(815, '18 ', 160, NULL, NULL),
(816, '4 ', 161, NULL, NULL),
(817, '16 ', 162, NULL, NULL),
(818, '12 ', 163, NULL, NULL),
(819, '10/4 ', 163, NULL, NULL),
(820, '11 ', 163, NULL, NULL),
(821, '20 ', 164, NULL, NULL),
(822, '5 ', 165, NULL, NULL),
(823, '9 ', 165, NULL, NULL),
(824, '13 ', 165, NULL, NULL),
(825, '9 ', 166, NULL, NULL),
(826, '11 ', 167, NULL, NULL),
(827, '8Б ', 168, NULL, NULL),
(828, '24 ', 169, NULL, NULL),
(829, '10 ', 170, NULL, NULL),
(830, '3 ', 170, NULL, NULL),
(831, '13 ', 171, NULL, NULL),
(832, '6 ', 172, NULL, NULL),
(833, '2 ', 173, NULL, NULL),
(834, '6 ', 173, NULL, NULL),
(835, '29/32 ', 174, NULL, NULL),
(836, '28/30 ', 174, NULL, NULL),
(837, '11А ', 175, NULL, NULL),
(838, '14 ', 175, NULL, NULL),
(839, '6 ', 176, NULL, NULL),
(840, '1/9 ', 177, NULL, NULL),
(841, '3 ', 178, NULL, NULL),
(842, '1/4 ', 179, NULL, NULL),
(843, '2112 ', 180, NULL, NULL),
(844, '10 ', 181, NULL, NULL),
(845, '12 ', 181, NULL, NULL),
(846, '4А ', 181, NULL, NULL),
(847, '6 ', 181, NULL, NULL),
(848, '2 ', 182, NULL, NULL),
(849, '3 ', 183, NULL, NULL),
(850, '24 ', 184, NULL, NULL),
(851, '16 ', 184, NULL, NULL),
(852, '13 ', 184, NULL, NULL),
(853, '12 ', 185, NULL, NULL),
(854, '23 ', 186, NULL, NULL),
(855, '31 ', 186, NULL, NULL),
(856, '37 ', 186, NULL, NULL),
(857, '5 ', 187, NULL, NULL),
(858, '3 ', 188, NULL, NULL),
(859, '7 ', 189, NULL, NULL),
(860, '4 ', 190, NULL, NULL),
(861, '5 ', 191, NULL, NULL),
(862, '5 ', 192, NULL, NULL),
(863, '7 ', 192, NULL, NULL),
(864, '11Б ', 193, NULL, NULL),
(865, '17А ', 193, NULL, NULL),
(866, '18/5 ', 194, NULL, NULL),
(867, '17 ', 195, NULL, NULL),
(868, '5 ', 196, NULL, NULL),
(869, '18 ', 197, NULL, NULL),
(870, '9 ', 198, NULL, NULL),
(871, '2 ', 199, NULL, NULL),
(872, '3 ', 200, NULL, NULL),
(873, '31 ', 201, NULL, NULL),
(874, '1 ', 202, NULL, NULL),
(875, '2/15 ', 203, NULL, NULL),
(876, '1 ', 204, NULL, NULL),
(877, '15/1 ', 204, NULL, NULL),
(878, '17/2 ', 204, NULL, NULL),
(879, '19 ', 204, NULL, NULL),
(880, '19A ', 204, NULL, NULL),
(881, '20А ', 204, NULL, NULL),
(882, '23 ', 204, NULL, NULL),
(883, '23А ', 204, NULL, NULL),
(884, '25 ', 204, NULL, NULL),
(885, '27 ', 204, NULL, NULL),
(886, '3 ', 204, NULL, NULL),
(887, '31/6 ', 204, NULL, NULL),
(888, '33 ', 204, NULL, NULL),
(889, '36/8 ', 204, NULL, NULL),
(890, '37 ', 204, NULL, NULL),
(891, '39 ', 204, NULL, NULL),
(892, '41/3 ', 204, NULL, NULL),
(893, '43 ', 204, NULL, NULL),
(894, '44 ', 204, NULL, NULL),
(895, '45 ', 204, NULL, NULL),
(896, '46А ', 204, NULL, NULL),
(897, '49/10 ', 131, NULL, NULL),
(898, '5 ', 204, NULL, NULL),
(899, '53 ', 204, NULL, NULL),
(900, '55 ', 204, NULL, NULL),
(901, '57 ', 204, NULL, NULL),
(902, '57А ', 204, NULL, NULL),
(903, '61 ', 204, NULL, NULL),
(904, '63/24 ', 204, NULL, NULL),
(905, '66/13 ', 204, NULL, NULL),
(906, '46 ', 204, NULL, NULL),
(907, '32 ', 204, NULL, NULL),
(908, '59 ', 204, NULL, NULL),
(909, '40 ', 204, NULL, NULL),
(910, '19 ', 205, NULL, NULL),
(911, '112 ', 206, NULL, NULL),
(912, '114 ', 206, NULL, NULL),
(913, '40 ', 206, NULL, NULL),
(914, '42 ', 206, NULL, NULL),
(915, '44 ', 206, NULL, NULL),
(916, '46 ', 206, NULL, NULL),
(917, '55А ', 206, NULL, NULL),
(918, '101 ', 207, NULL, NULL),
(919, '114а ', 207, NULL, NULL),
(920, '25 ', 207, NULL, NULL),
(921, '25А ', 207, NULL, NULL),
(922, '27А ', 207, NULL, NULL),
(923, '85 ', 207, NULL, NULL),
(924, '87 ', 207, NULL, NULL),
(925, '9/1 ', 207, NULL, NULL),
(926, '63 ', 207, NULL, NULL),
(927, '27 ', 208, NULL, NULL),
(928, '34А ', 208, NULL, NULL),
(929, '5 ', 208, NULL, NULL),
(930, '12 ', 208, NULL, NULL),
(931, '41Б ', 208, NULL, NULL),
(932, '63 ', 209, NULL, NULL),
(933, '1 ', 210, NULL, NULL),
(934, '11 ', 210, NULL, NULL),
(935, '12 ', 210, NULL, NULL),
(936, '13 ', 210, NULL, NULL),
(937, '15 ', 210, NULL, NULL),
(938, '18 ', 210, NULL, NULL),
(939, '2 ', 210, NULL, NULL),
(940, '20 ', 210, NULL, NULL),
(941, '21 ', 210, NULL, NULL),
(942, '22 ', 210, NULL, NULL),
(943, '23/10 ', 210, NULL, NULL),
(944, '24 ', 210, NULL, NULL),
(945, '25 ', 210, NULL, NULL),
(946, '26 ', 210, NULL, NULL),
(947, '3 ', 210, NULL, NULL),
(948, '32 ', 210, NULL, NULL),
(949, '32/3 ', 210, NULL, NULL),
(950, '32А ', 210, NULL, NULL),
(951, '4 ', 210, NULL, NULL),
(952, '42/8 ', 210, NULL, NULL),
(953, '56А ', 210, NULL, NULL),
(954, '6 ', 210, NULL, NULL),
(955, '7 ', 210, NULL, NULL),
(956, '8 ', 210, NULL, NULL),
(957, '34 ', 210, NULL, NULL),
(958, '2 ', 211, NULL, NULL),
(959, '6 ', 211, NULL, NULL),
(960, '16 ', 212, NULL, NULL),
(961, '24/43 ', 213, NULL, NULL),
(962, '104 ', 214, NULL, NULL),
(963, '105 ', 214, NULL, NULL),
(964, '11 ', 214, NULL, NULL),
(965, '111 ', 214, NULL, NULL),
(966, '115/2 ', 214, NULL, NULL),
(967, '117 ', 214, NULL, NULL),
(968, '121 ', 214, NULL, NULL),
(969, '13 ', 214, NULL, NULL),
(970, '15 ', 214, NULL, NULL),
(971, '17 ', 214, NULL, NULL),
(972, '19 ', 214, NULL, NULL),
(973, '23 ', 214, NULL, NULL),
(974, '25 ', 214, NULL, NULL),
(975, '26 ', 214, NULL, NULL),
(976, '27 ', 214, NULL, NULL),
(977, '28 ', 214, NULL, NULL),
(978, '29 ', 214, NULL, NULL),
(979, '30 ', 214, NULL, NULL),
(980, '31 ', 214, NULL, NULL),
(981, '34/5 ', 214, NULL, NULL),
(982, '35 ', 214, NULL, NULL),
(983, '36 ', 214, NULL, NULL),
(984, '37 ', 214, NULL, NULL),
(985, '57 ', 214, NULL, NULL),
(986, '58 ', 214, NULL, NULL),
(987, '80 ', 214, NULL, NULL),
(988, '91 ', 214, NULL, NULL),
(989, '95 ', 214, NULL, NULL),
(990, '97 ', 214, NULL, NULL),
(991, '99 ', 214, NULL, NULL),
(992, '32 ', 214, NULL, NULL),
(993, '137 ', 214, NULL, NULL),
(994, '2 ', 215, NULL, NULL),
(995, '7 ', 215, NULL, NULL),
(996, '5 ', 215, NULL, NULL),
(997, '5 ', 215, NULL, NULL),
(998, '12 ', 216, NULL, NULL),
(999, '3 ', 217, NULL, NULL),
(1000, '11 ', 218, NULL, NULL),
(1001, '22 ', 219, NULL, NULL),
(1002, '30 ', 219, NULL, NULL),
(1003, '5 ', 219, NULL, NULL),
(1004, '3 ', 220, NULL, NULL),
(1005, '7 ', 221, NULL, NULL),
(1006, '9 ', 222, NULL, NULL),
(1007, '10 ', 223, NULL, NULL),
(1008, '10Б ', 223, NULL, NULL),
(1009, '11 ', 223, NULL, NULL),
(1010, '13 ', 223, NULL, NULL),
(1011, '2 ', 223, NULL, NULL),
(1012, '27Б ', 223, NULL, NULL),
(1013, '29/35 ', 223, NULL, NULL),
(1014, '30 ', 223, NULL, NULL),
(1015, '34 ', 223, NULL, NULL),
(1016, '41/66 ', 223, NULL, NULL),
(1017, '51 ', 223, NULL, NULL),
(1018, '53 ', 223, NULL, NULL),
(1019, '54 ', 223, NULL, NULL),
(1020, '55 ', 223, NULL, NULL),
(1021, '6/20 ', 223, NULL, NULL),
(1022, '66/1 ', 223, NULL, NULL),
(1023, '8/3 ', 223, NULL, NULL),
(1024, '9 ', 223, NULL, NULL),
(1025, '105 ', 223, NULL, NULL),
(1026, '22/13 ', 223, NULL, NULL),
(1027, '9 ', 224, NULL, NULL),
(1028, '69 ', 225, NULL, NULL),
(1029, '269 ', 226, NULL, NULL),
(1030, '141 ', 226, NULL, NULL),
(1031, '133 ', 226, NULL, NULL),
(1032, '137 ', 226, NULL, NULL),
(1033, '144 ', 226, NULL, NULL),
(1034, '1 ', 227, NULL, NULL),
(1035, '2 ', 228, NULL, NULL),
(1036, '2 ', 229, NULL, NULL),
(1037, '1А ', 230, NULL, NULL),
(1038, '5/29 ', 231, NULL, NULL),
(1039, '10 ', 232, NULL, NULL),
(1040, '11 ', 232, NULL, NULL),
(1041, '12 ', 232, NULL, NULL),
(1042, '14 ', 232, NULL, NULL),
(1043, '16 ', 232, NULL, NULL),
(1044, '17 ', 232, NULL, NULL),
(1045, '18 ', 232, NULL, NULL),
(1046, '19 ', 232, NULL, NULL),
(1047, '20 ', 232, NULL, NULL),
(1048, '7 ', 232, NULL, NULL),
(1049, '8 ', 232, NULL, NULL),
(1050, '9 ', 232, NULL, NULL),
(1051, '5/29 ', 232, NULL, NULL),
(1052, '22 ', 232, NULL, NULL),
(1053, '21 ', 232, NULL, NULL),
(1054, '36 ', 233, NULL, NULL),
(1055, '37 ', 233, NULL, NULL),
(1056, '15В ', 234, NULL, NULL),
(1057, '19А ', 234, NULL, NULL),
(1058, '27 ', 234, NULL, NULL),
(1059, '70 ', 234, NULL, NULL),
(1060, '14 ', 234, NULL, NULL),
(1061, '28Б ', 234, NULL, NULL),
(1062, '11А ', 234, NULL, NULL),
(1063, '15А ', 234, NULL, NULL),
(1064, '2 ', 234, NULL, NULL),
(1065, '24 ', 234, NULL, NULL),
(1066, '43А ', 235, NULL, NULL),
(1067, '140 ', 236, NULL, NULL),
(1068, '142 ', 236, NULL, NULL),
(1069, '144 ', 236, NULL, NULL),
(1070, '146 ', 236, NULL, NULL),
(1071, '63 ', 236, NULL, NULL),
(1072, '64А ', 236, NULL, NULL),
(1073, '65 ', 236, NULL, NULL),
(1074, '67 ', 236, NULL, NULL),
(1075, '69 ', 236, NULL, NULL),
(1076, '71 ', 236, NULL, NULL),
(1077, '73 ', 236, NULL, NULL),
(1078, '75 ', 236, NULL, NULL),
(1079, '77 ', 236, NULL, NULL),
(1080, '79 ', 236, NULL, NULL),
(1081, '81 ', 236, NULL, NULL),
(1082, '87 ', 236, NULL, NULL),
(1083, '89 ', 236, NULL, NULL),
(1084, '91 ', 236, NULL, NULL),
(1085, '93 ', 236, NULL, NULL),
(1086, '95 ', 236, NULL, NULL),
(1087, '78 ', 236, NULL, NULL),
(1088, '38/17 ', 236, NULL, NULL),
(1089, '44 ', 236, NULL, NULL),
(1090, '38/17 ', 236, NULL, NULL),
(1091, '40/36 ', 236, NULL, NULL),
(1092, '19/38 ', 236, NULL, NULL),
(1093, '36 ', 236, NULL, NULL),
(1094, '76 ', 236, NULL, NULL),
(1095, '136 ', 236, NULL, NULL),
(1096, '140 ', 237, NULL, NULL),
(1097, '6 ', 238, NULL, NULL),
(1098, '81 ', 238, NULL, NULL),
(1099, '1/10 ', 239, NULL, NULL),
(1100, ' 5 ', 240, NULL, NULL),
(1101, ' 7 ', 240, NULL, NULL),
(1102, '113 ', 241, NULL, NULL),
(1103, '113А ', 241, NULL, NULL),
(1104, '122 ', 241, NULL, NULL),
(1105, '71 ', 241, NULL, NULL),
(1106, '51/80 ', 241, NULL, NULL),
(1107, '122 ', 241, NULL, NULL),
(1108, '120 ', 241, NULL, NULL),
(1109, '118 ', 241, NULL, NULL),
(1110, '64А ', 242, NULL, NULL),
(1111, '5 ', 243, NULL, NULL),
(1112, '2/11 ', 244, NULL, NULL),
(1113, '5 ', 244, NULL, NULL),
(1114, '7 ', 244, NULL, NULL),
(1115, '8 ', 244, NULL, NULL),
(1116, '46 ', 245, NULL, NULL),
(1117, '7 ', 246, NULL, NULL),
(1118, '5 ', 246, NULL, NULL),
(1119, '9 ', 246, NULL, NULL),
(1120, '9 ', 247, NULL, NULL),
(1121, '1 ', 247, NULL, NULL),
(1122, '1 ', 248, NULL, NULL),
(1123, '11 ', 248, NULL, NULL),
(1124, '1А ', 248, NULL, NULL),
(1125, '3 ', 248, NULL, NULL),
(1126, '5 ', 248, NULL, NULL),
(1127, '7 ', 248, NULL, NULL),
(1128, '7А ', 248, NULL, NULL),
(1129, '9 ', 248, NULL, NULL),
(1130, '13/9 ', 249, NULL, NULL),
(1131, '15/4 ', 249, NULL, NULL),
(1132, '24 ', 249, NULL, NULL),
(1133, '29 ', 249, NULL, NULL),
(1134, '44 ', 249, NULL, NULL),
(1135, '5 ', 249, NULL, NULL),
(1136, '9 ', 250, NULL, NULL),
(1137, '17 ', 251, NULL, NULL),
(1138, '40 ', 252, NULL, NULL),
(1139, '40А ', 252, NULL, NULL),
(1140, '40Б ', 252, NULL, NULL),
(1141, '46 ', 252, NULL, NULL),
(1142, '48 ', 252, NULL, NULL),
(1143, '5 ', 252, NULL, NULL),
(1144, '51 ', 252, NULL, NULL),
(1145, '35 ', 253, NULL, NULL),
(1146, '27 ', 254, NULL, NULL),
(1147, '5 ', 255, NULL, NULL),
(1148, '10 ', 256, NULL, NULL),
(1149, '34 ', 256, NULL, NULL),
(1150, '4 ', 256, NULL, NULL),
(1151, '70 ', 256, NULL, NULL),
(1152, '72 ', 256, NULL, NULL),
(1153, '2 ', 256, NULL, NULL),
(1154, '6 ', 257, NULL, NULL),
(1155, '11 ', 257, NULL, NULL),
(1156, '91 ', 258, NULL, NULL),
(1157, '33 ', 259, NULL, NULL),
(1158, '2 ', 260, NULL, NULL),
(1159, '19 ', 261, NULL, NULL),
(1160, '2 ', 262, NULL, NULL),
(1161, '47 ', 263, NULL, NULL),
(1162, '35 ', 264, NULL, NULL),
(1163, '21 ', 265, NULL, NULL),
(1164, '12 ', 265, NULL, NULL),
(1165, '29 ', 265, NULL, NULL),
(1166, '104 ', 265, NULL, NULL),
(1167, '10 ', 266, NULL, NULL),
(1168, '12 ', 266, NULL, NULL),
(1169, '14 ', 266, NULL, NULL),
(1170, '4 ', 266, NULL, NULL),
(1171, '6 ', 266, NULL, NULL),
(1172, '7А ', 266, NULL, NULL),
(1173, '12А ', 266, NULL, NULL),
(1174, '25а ', 267, NULL, NULL),
(1175, '1 ', 268, NULL, NULL),
(1176, '194 ', 268, NULL, NULL),
(1177, '39 ', 268, NULL, NULL),
(1178, '66 ', 268, NULL, NULL),
(1179, '133 ', 269, NULL, NULL),
(1180, '4 ', 269, NULL, NULL),
(1181, '53/111 ', 269, NULL, NULL),
(1182, '18 ', 270, NULL, NULL),
(1183, '25Б ', 270, NULL, NULL),
(1184, '27 ', 270, NULL, NULL),
(1185, '4 ', 271, NULL, NULL),
(1186, '5 ', 271, NULL, NULL),
(1187, '8 ', 272, NULL, NULL),
(1188, '7 ', 272, NULL, NULL),
(1189, '3 ', 272, NULL, NULL),
(1190, '10 ', 273, NULL, NULL),
(1191, '42А ', 273, NULL, NULL),
(1192, '6 ', 273, NULL, NULL),
(1193, '12 ', 274, NULL, NULL),
(1194, '16 ', 274, NULL, NULL),
(1195, '18 ', 274, NULL, NULL),
(1196, '19А ', 274, NULL, NULL),
(1197, '22/6 ', 274, NULL, NULL),
(1198, '23 ', 274, NULL, NULL),
(1199, '29 ', 274, NULL, NULL),
(1200, '35 ', 274, NULL, NULL),
(1201, '6/20 ', 274, NULL, NULL),
(1202, '15 ', 274, NULL, NULL),
(1203, '29 ', 274, NULL, NULL),
(1204, '19В ', 274, NULL, NULL),
(1205, '38/19 ', 275, NULL, NULL),
(1206, '39 ', 275, NULL, NULL),
(1207, '64 ', 275, NULL, NULL),
(1208, '69А ', 275, NULL, NULL),
(1209, '70 ', 275, NULL, NULL),
(1210, '76 ', 275, NULL, NULL),
(1211, '75 ', 275, NULL, NULL),
(1212, '37 ', 276, NULL, NULL),
(1213, '10 ', 277, NULL, NULL),
(1214, '3 ', 277, NULL, NULL),
(1215, '6 ', 277, NULL, NULL),
(1216, '7 ', 277, NULL, NULL),
(1217, '8 ', 277, NULL, NULL),
(1218, '9 ', 277, NULL, NULL),
(1219, '18 ', 277, NULL, NULL),
(1220, '2 ', 277, NULL, NULL),
(1221, '127А ', 278, NULL, NULL),
(1222, '1Б ', 278, NULL, NULL),
(1223, '217 ', 278, NULL, NULL),
(1224, '24/36 ', 278, NULL, NULL),
(1225, '5 ', 278, NULL, NULL),
(1226, '7 ', 278, NULL, NULL),
(1227, '9 ', 278, NULL, NULL),
(1228, '153 ', 278, NULL, NULL),
(1229, '24/43 ', 279, NULL, NULL),
(1230, '27 ', 279, NULL, NULL),
(1231, '28/4 ', 279, NULL, NULL),
(1232, '30/7 ', 279, NULL, NULL),
(1233, '33 ', 279, NULL, NULL),
(1234, '34/2 ', 279, NULL, NULL),
(1235, '37/26 ', 279, NULL, NULL),
(1236, '46 ', 279, NULL, NULL),
(1237, '51 ', 279, NULL, NULL),
(1238, '59/78 ', 279, NULL, NULL),
(1239, '64 ', 279, NULL, NULL),
(1240, '85/8 ', 279, NULL, NULL),
(1241, '9 ', 279, NULL, NULL),
(1242, '19/3 ', 279, NULL, NULL),
(1243, '35 ', 279, NULL, NULL),
(1244, '66/2 ', 279, NULL, NULL),
(1245, '17/8 ', 279, NULL, NULL),
(1246, '19/3 ', 279, NULL, NULL),
(1247, '13/10 ', 280, NULL, NULL),
(1248, '15 ', 280, NULL, NULL),
(1249, '15А ', 280, NULL, NULL),
(1250, '15Б ', 280, NULL, NULL),
(1251, '16 ', 280, NULL, NULL),
(1252, '17 ', 280, NULL, NULL),
(1253, '9 ', 280, NULL, NULL),
(1254, '42 ', 281, NULL, NULL),
(1255, '25 ', 282, NULL, NULL),
(1256, '27 ', 282, NULL, NULL),
(1257, '31 ', 282, NULL, NULL),
(1258, '35 ', 282, NULL, NULL),
(1259, '37 ', 282, NULL, NULL),
(1260, '39 ', 282, NULL, NULL),
(1261, '41 ', 282, NULL, NULL),
(1262, '62 ', 282, NULL, NULL),
(1263, '64 ', 282, NULL, NULL),
(1264, '66/13 ', 282, NULL, NULL),
(1265, '68 ', 282, NULL, NULL),
(1266, '68А ', 282, NULL, NULL),
(1267, '72 ', 282, NULL, NULL),
(1268, '72А ', 282, NULL, NULL),
(1269, '74 ', 282, NULL, NULL),
(1270, '76 ', 282, NULL, NULL),
(1271, '76A ', 282, NULL, NULL),
(1272, '43 ', 282, NULL, NULL),
(1273, '12 ', 283, NULL, NULL),
(1274, '15 ', 284, NULL, NULL),
(1275, '7Б ', 284, NULL, NULL),
(1276, '9А ', 284, NULL, NULL),
(1277, '9 ', 284, NULL, NULL),
(1278, '66 ', 284, NULL, NULL),
(1279, '15а ', 284, NULL, NULL),
(1280, '23 ', 284, NULL, NULL),
(1281, '5д ', 284, NULL, NULL),
(1282, '30 ', 285, NULL, NULL),
(1283, '36 ', 285, NULL, NULL),
(1284, '23 ', 285, NULL, NULL),
(1285, '1 ', 286, NULL, NULL);

-- --------------------------------------------------------

--
-- Структура таблицы `images`
--

CREATE TABLE `images` (
  `id` int(10) UNSIGNED NOT NULL,
  `post_id` int(11) NOT NULL,
  `image` varchar(255) COLLATE utf8mb4_unicode_ci NOT NULL,
  `name` varchar(255) COLLATE utf8mb4_unicode_ci DEFAULT NULL,
  `created_at` timestamp NULL DEFAULT NULL,
  `updated_at` timestamp NULL DEFAULT NULL
) ENGINE=InnoDB DEFAULT CHARSET=utf8mb4 COLLATE=utf8mb4_unicode_ci;

--
-- Дамп данных таблицы `images`
--

INSERT INTO `images` (`id`, `post_id`, `image`, `name`, `created_at`, `updated_at`) VALUES
(7, 35, 'uploads/VV9bsxA9KITTULF9H2xlSFLVIWt5dSDVpB2ebzyQ.jpeg', NULL, '2019-08-27 10:16:22', '2019-08-27 10:16:22'),
(8, 35, 'uploads/QPGr7ALSVll673KYoyFcuqkzd97dspVmPK4Qb3yo.jpeg', NULL, '2019-08-27 10:16:22', '2019-08-27 10:16:22'),
(9, 35, 'uploads/RhS2sWDZ4pWi5vZ6mlQhKlhSKdPJmjwiQuqZWg6s.jpeg', NULL, '2019-08-27 10:16:22', '2019-08-27 10:16:22'),
(10, 35, 'uploads/UdxQIiCXcorH3wdoM5LnPJ3tR3j3bT8JF1JPJp0E.jpeg', NULL, '2019-08-27 10:16:22', '2019-08-27 10:16:22'),
(11, 35, 'uploads/UVmFvgs0OW5LEVy5ytKL5ctvEancz30l6JuKL5ym.jpeg', NULL, '2019-08-27 10:16:22', '2019-08-27 10:16:22'),
(12, 41, 'uploads/Q2zPAagNvkJ6hBtQ9I4owPN3BEoWk4iegWAP0G86.jpeg', NULL, '2019-08-27 10:18:49', '2019-08-27 10:18:49'),
(13, 41, 'uploads/vDgPOz1vlsubxXWWVfFkIr2FNBRzPIFeKKOivFqa.jpeg', NULL, '2019-08-27 10:18:49', '2019-08-27 10:18:49'),
(14, 41, 'uploads/wDOOl112X6OiNeW6xlfluzGqkjS8Pzva1vm35f32.jpeg', NULL, '2019-08-27 10:18:49', '2019-08-27 10:18:49'),
(15, 42, 'uploads/jhXh74AKkQecSVV4TP2Z9mDmnbJ6A0j0QkmPNlXw.jpeg', NULL, '2019-08-27 11:37:54', '2019-08-27 11:37:54'),
(16, 42, 'uploads/GI5o6fnPu1HV3zxn6iwRaieQmzwhMwDWj0aruc7Z.jpeg', NULL, '2019-08-27 11:37:54', '2019-08-27 11:37:54'),
(17, 42, 'uploads/JOHBjuVQUUhLKgfHesGLi1q7WEv2PetJrmp2v4kM.jpeg', NULL, '2019-08-27 11:37:54', '2019-08-27 11:37:54'),
(18, 43, 'uploads/TJcBO0xbPQTVpGhpT1eWV11ZFLPTTOYw4iD5RmSa.jpeg', NULL, '2019-08-28 05:40:18', '2019-08-28 05:40:18'),
(19, 43, 'uploads/enRDSJUdb8Gbf1SLfYVMbqeRJWklG5OQNcwqQLmE.jpeg', NULL, '2019-08-28 05:40:18', '2019-08-28 05:40:18'),
(20, 43, 'uploads/DTI3JQ2dvIe2ElmtSd0KjPoL0ALXql6IqQTEwVSl.jpeg', NULL, '2019-08-28 05:40:18', '2019-08-28 05:40:18'),
(21, 43, 'uploads/mVQYvkqPrdXSpjB9ZSB9czUGvwSidsNl3cWurUYX.jpeg', NULL, '2019-08-28 05:40:18', '2019-08-28 05:40:18'),
(22, 44, 'uploads/iz2zCg7ePtac42gHI8QVH7H6bh3wn1HSySGYg0iK.jpeg', NULL, '2019-08-28 05:43:42', '2019-08-28 05:43:42'),
(23, 44, 'uploads/S6AEmF2NjCMca6msnbOezUuLSYUjZzNbxtivtJYw.jpeg', NULL, '2019-08-28 05:43:42', '2019-08-28 05:43:42'),
(24, 44, 'uploads/i7GULzsvMCWUsChPLe6mEipa7xhx36v7IWoIvfqb.jpeg', NULL, '2019-08-28 05:43:42', '2019-08-28 05:43:42'),
(25, 44, 'uploads/fe1mW2HqMBpfcJonPmGGR07ksyaic7ezmcVGvmSG.jpeg', NULL, '2019-08-28 05:43:42', '2019-08-28 05:43:42'),
(26, 45, 'uploads/wnCdYzgIvFaCpQdBNgClSI6Paj5ZckNV8dbLyMnt.jpeg', NULL, '2019-08-28 05:45:03', '2019-08-28 05:45:03'),
(27, 45, 'uploads/FijGVdnjdr9PNiNikheMYTj4T1GYuLS7sjHrd8Ma.jpeg', NULL, '2019-08-28 05:45:03', '2019-08-28 05:45:03'),
(28, 45, 'uploads/71NFGaMCoGFIznqNyh1UqL4fzraVNQPesB0AxRRP.jpeg', NULL, '2019-08-28 05:45:03', '2019-08-28 05:45:03'),
(29, 45, 'uploads/0MM49bwHQTyeQiWoDBWWhRFziBfvGiZGKDU4h15C.jpeg', NULL, '2019-08-28 05:45:03', '2019-08-28 05:45:03'),
(30, 45, 'uploads/bOtS0iljDnMx3s0avrmLc96BONOPQK3pnKYBqwPt.jpeg', NULL, '2019-08-28 05:45:03', '2019-08-28 05:45:03'),
(31, 46, 'uploads/l6JaVkpqQ1KgMFRBPVjHr8eeiIAhJ513YOby3B9X.jpeg', NULL, '2019-08-28 07:13:02', '2019-08-28 07:13:02'),
(32, 46, 'uploads/bsd8OGH05h4ozE5kvIZOcNeu3hxKhmr2QA3JKWVZ.jpeg', NULL, '2019-08-28 07:13:02', '2019-08-28 07:13:02'),
(33, 46, 'uploads/TdQF3C2EbFDhUuVttFdYp3vvnyPsDezpoOdTdpqP.jpeg', NULL, '2019-08-28 07:13:02', '2019-08-28 07:13:02');

-- --------------------------------------------------------

--
-- Структура таблицы `migrations`
--

CREATE TABLE `migrations` (
  `id` int(10) UNSIGNED NOT NULL,
  `migration` varchar(255) COLLATE utf8mb4_unicode_ci NOT NULL,
  `batch` int(11) NOT NULL
) ENGINE=InnoDB DEFAULT CHARSET=utf8mb4 COLLATE=utf8mb4_unicode_ci;

--
-- Дамп данных таблицы `migrations`
--

INSERT INTO `migrations` (`id`, `migration`, `batch`) VALUES
(14, '2014_10_12_000000_create_users_table', 1),
(15, '2014_10_12_100000_create_password_resets_table', 1),
(16, '2019_08_26_093712_create_posts', 1),
(17, '2019_08_26_093800_create_images', 1),
(18, '2019_08_27_102531_create_organizations', 1),
(19, '2019_08_29_090722_create_streets', 2),
(20, '2019_08_29_090822_create_houses', 2),
(21, '2019_08_19_000000_create_failed_jobs_table', 3),
(22, '2019_08_29_122320_street_create', 4),
(23, '2019_09_19_111623_create_comments', 4),
(24, '2019_09_19_114104_create_column_to_comments', 5),
(25, '2019_09_19_114353_create_column_to_comments', 6);

-- --------------------------------------------------------

--
-- Структура таблицы `organizations`
--

CREATE TABLE `organizations` (
  `id` int(10) UNSIGNED NOT NULL,
  `title` varchar(255) COLLATE utf8mb4_unicode_ci DEFAULT NULL,
  `city` varchar(255) COLLATE utf8mb4_unicode_ci DEFAULT NULL,
  `street` varchar(255) COLLATE utf8mb4_unicode_ci DEFAULT NULL,
  `house` varchar(255) COLLATE utf8mb4_unicode_ci DEFAULT NULL,
  `office` int(11) DEFAULT NULL,
  `phone` int(11) DEFAULT NULL,
  `person` varchar(255) COLLATE utf8mb4_unicode_ci DEFAULT NULL,
  `site` varchar(255) COLLATE utf8mb4_unicode_ci DEFAULT NULL,
  `email` varchar(255) COLLATE utf8mb4_unicode_ci DEFAULT NULL,
  `index` int(11) DEFAULT NULL,
  `image` varchar(255) COLLATE utf8mb4_unicode_ci DEFAULT NULL,
  `edrpo` varchar(255) COLLATE utf8mb4_unicode_ci DEFAULT NULL,
  `notes` text COLLATE utf8mb4_unicode_ci DEFAULT NULL,
  `created_at` timestamp NULL DEFAULT NULL,
  `updated_at` timestamp NULL DEFAULT NULL
) ENGINE=InnoDB DEFAULT CHARSET=utf8mb4 COLLATE=utf8mb4_unicode_ci;

--
-- Дамп данных таблицы `organizations`
--

INSERT INTO `organizations` (`id`, `title`, `city`, `street`, `house`, `office`, `phone`, `person`, `site`, `email`, `index`, `image`, `edrpo`, `notes`, `created_at`, `updated_at`) VALUES
(6, 'АТ \"ПОЛТАВАОБЛЕНЕРГО\" ', 'Полтава', 'Старый подол', '5', 2, 532510910, 'Засименко', 'https://www.poe.pl.ua/', 'koe@pl.ua', 39600, 'uploads/organizations/0mQZDkFROW.png', '3954334', '', '2019-08-15 10:25:59', '2019-08-15 10:25:59'),
(7, 'ПАТ «УКРТЕЛЕКОМ»', 'Полтава', 'Ленина', '5', 1, 53622344, 'Петров И.И.', 'https://new.ukrtelecom.ua', 'ukr@tel.net', 39600, 'uploads/organizations/ptSceOVizE.png', '3232', '', '2019-08-15 12:00:06', '2019-08-15 12:00:06'),
(8, 'Группа компаний «Топ НЕТ»', 'Киев', 'Киевская', '5', 1, 442550234, 'Иванов Иван', 'http://www.topnet.ua', 'topnet@ukr.net', 39500, 'uploads/organizations/AsOO35JnXb.png', '22333232', '', '2019-08-15 12:06:32', '2019-08-15 12:06:32'),
(9, 'ПрАТ «Кіровоградобленерго»', 'Кировоград', 'Кировоградская', '4', 1, 52833222, 'Петрович', 'https://kiroe.com.ua/', 'koe@pl.ua', 39600, 'uploads/organizations/lgPOrUfEbS.png', '32423232', '', '2019-08-15 12:09:15', '2019-08-15 12:09:15'),
(10, 'ПАО «Укртатнафта»', 'Кременчуг', 'Свиштовская', '3', 1, 324235436, 'Константин', 'https://www.ukrtatnafta.com', 'q@ukrtatnafta.com', 34322432, 'uploads/organizations/Y4QF2DdzO7.png', '3243223', '', '2019-08-15 12:11:24', '2019-08-15 12:11:24');

-- --------------------------------------------------------

--
-- Структура таблицы `password_resets`
--

CREATE TABLE `password_resets` (
  `email` varchar(255) COLLATE utf8mb4_unicode_ci NOT NULL,
  `token` varchar(255) COLLATE utf8mb4_unicode_ci NOT NULL,
  `created_at` timestamp NULL DEFAULT NULL
) ENGINE=InnoDB DEFAULT CHARSET=utf8mb4 COLLATE=utf8mb4_unicode_ci;

-- --------------------------------------------------------

--
-- Структура таблицы `posts`
--

CREATE TABLE `posts` (
  `id` int(10) UNSIGNED NOT NULL,
  `title` varchar(255) COLLATE utf8mb4_unicode_ci NOT NULL,
  `number_doc` int(11) NOT NULL,
  `date_doc` date NOT NULL,
  `org_id_in` int(11) NOT NULL,
  `org_id_out` int(11) NOT NULL,
  `date_receiving` date NOT NULL,
  `type_of_receipt` int(11) NOT NULL,
  `need_an_answer` int(11) NOT NULL,
  `date_an_answer` date NOT NULL,
  `signature_on_receipt` int(11) NOT NULL,
  `comment` text COLLATE utf8mb4_unicode_ci DEFAULT NULL,
  `in_or_out` int(11) NOT NULL,
  `user_id` int(11) NOT NULL,
  `created_at` timestamp NULL DEFAULT NULL,
  `updated_at` timestamp NULL DEFAULT NULL
) ENGINE=InnoDB DEFAULT CHARSET=utf8mb4 COLLATE=utf8mb4_unicode_ci;

--
-- Дамп данных таблицы `posts`
--

INSERT INTO `posts` (`id`, `title`, `number_doc`, `date_doc`, `org_id_in`, `org_id_out`, `date_receiving`, `type_of_receipt`, `need_an_answer`, `date_an_answer`, `signature_on_receipt`, `comment`, `in_or_out`, `user_id`, `created_at`, `updated_at`) VALUES
(40, 'Договор купли-продажи — это договор, по которому одна сторона (продавец) обязуется передать вещь (товар) в собственность другой стороне (покупателю), а покупатель ', 4, '2019-08-13', 9, 8, '2019-08-07', 2, 0, '2019-08-27', 1, '3rf3', 1, 1, '2019-08-27 10:16:22', '2019-08-27 10:16:22'),
(41, 'Договор аренды помещения: нежилого, коммерческого, офис, части - шаблон-пример. Образец типового договора имущественного найма + Акт ...', 22, '2019-08-15', 7, 8, '2019-08-28', 2, 1, '2019-07-31', 1, 'wrfw', 0, 1, '2019-08-27 10:18:49', '2019-08-27 10:18:49'),
(42, 'Договор аренды квартиры в Украине заключают практически при каждом съёме жилья, но не все знают, какие риски могут возникать у хозяина квартиры и квартиросъемщика при его заключении. Также его называют договором найма жилого помещения.', 1, '2019-08-07', 6, 9, '2019-08-21', 1, 1, '2019-08-15', 1, 'Коментарий номер1', 2, 1, '2019-08-27 11:37:54', '2019-08-27 11:37:54'),
(43, 'В этом материале мы рассмотрим все важные стороны договора аренды и дадим практические рекомендации как обезопасить себя. Рассмотрим как легальную, так и нелегальную аренду. Сопоставим плюсы и минусы в обоих случаях. Как работает закон ', 2, '2019-08-11', 8, 8, '2019-08-06', 1, 1, '2019-08-29', 1, 'Коментарий к документу номер 2', 2, 1, '2019-08-28 05:40:18', '2019-08-28 05:40:18'),
(44, 'Мы собрали наиболее актуальную информацию о договоре аренды квартиры в Украине на 2019 год. Читайте внимательно – это может сохранить вам деньги и нервы в случае возможных проблем. ', 4, '2019-08-22', 8, 8, '2019-08-14', 2, 1, '2019-08-28', 1, 'Коментарий к документу номер 3', 2, 1, '2019-08-28 05:43:42', '2019-08-28 05:43:42'),
(45, 'Договор аренды – это документ, где хозяин жилья и квартирант прописывают детали и условия сделки по сдаче квартиры в наём.', 43, '2019-08-13', 7, 6, '2019-08-22', 3, 1, '2019-08-15', 1, 'Коментарий к Документ номер 4', 2, 1, '2019-08-28 05:45:03', '2019-08-28 05:45:03'),
(46, 'Договор найма – это «аренда» жилого помещения физическим лицом у физического лица. В этом случае используются слова найм или наём и заключают договор найма квартиры.', 32, '2019-08-20', 7, 8, '2019-08-22', 2, 1, '2019-08-22', 1, 'цкыпе4й3', 2, 1, '2019-08-28 07:13:02', '2019-08-28 07:13:02');

-- --------------------------------------------------------

--
-- Структура таблицы `streets`
--

CREATE TABLE `streets` (
  `id` int(10) UNSIGNED NOT NULL,
  `name` varchar(255) COLLATE utf8mb4_unicode_ci NOT NULL,
  `created_at` timestamp NULL DEFAULT NULL,
  `updated_at` timestamp NULL DEFAULT NULL
) ENGINE=InnoDB DEFAULT CHARSET=utf8mb4 COLLATE=utf8mb4_unicode_ci;

--
-- Дамп данных таблицы `streets`
--

INSERT INTO `streets` (`id`, `name`, `created_at`, `updated_at`) VALUES
(1, ' Проезд Арсенальный', NULL, NULL),
(2, '1 тупик почтовый', NULL, NULL),
(3, '1-й тупик Почтовый', NULL, NULL),
(4, '1905 года', NULL, NULL),
(5, '2 Индустриальный перулок', NULL, NULL),
(6, '29 Сентября', NULL, NULL),
(7, '3 Космонавтов', NULL, NULL),
(8, '3-х Космонавтов', NULL, NULL),
(9, '40 лет ГАИ', NULL, NULL),
(10, '40 Лет Октября', NULL, NULL),
(11, '50 Лет Октября', NULL, NULL),
(12, '50 Лет СССР', NULL, NULL),
(13, '60 Лет Октября', NULL, NULL),
(14, '60 Лет СССР', NULL, NULL),
(15, '8 Марта', NULL, NULL),
(16, 'Александрийская', NULL, NULL),
(17, 'Артема', NULL, NULL),
(18, 'Баженова', NULL, NULL),
(19, 'Баумана', NULL, NULL),
(20, 'Бетонная', NULL, NULL),
(21, 'Боженова', NULL, NULL),
(22, 'Бойко', NULL, NULL),
(23, 'Ботаническая', NULL, NULL),
(24, 'Бреста', NULL, NULL),
(25, 'Бульвар Автокразовский', NULL, NULL),
(26, 'Бутырина', NULL, NULL),
(27, 'Ватутина', NULL, NULL),
(28, 'Весенняя', NULL, NULL),
(29, 'Виноградна', NULL, NULL),
(30, 'Виноградная', NULL, NULL),
(31, 'Воcточная', NULL, NULL),
(32, 'Воинов Интернационалистов', NULL, NULL),
(33, 'Воровского', NULL, NULL),
(34, 'Восточная', NULL, NULL),
(35, 'Высоцкого', NULL, NULL),
(36, 'Г.Иринеева', NULL, NULL),
(37, 'Гагарина', NULL, NULL),
(38, 'Гаевского', NULL, NULL),
(39, 'Гайдара', NULL, NULL),
(40, 'Гвардейская', NULL, NULL),
(41, 'Героев Днепра', NULL, NULL),
(42, 'Гоголя', NULL, NULL),
(43, 'Горького', NULL, NULL),
(44, 'Гражданская', NULL, NULL),
(45, 'Гранитная', NULL, NULL),
(46, 'Декабристов', NULL, NULL),
(47, 'Демьяна Бедного', NULL, NULL),
(48, 'Дзержинского', NULL, NULL),
(49, 'Днепрова', NULL, NULL),
(50, 'Днепровская', NULL, NULL),
(51, 'Добролюбова', NULL, NULL),
(52, 'Егорова', NULL, NULL),
(53, 'Жадова', NULL, NULL),
(54, 'Жилстроевская', NULL, NULL),
(55, 'Заводская', NULL, NULL),
(56, 'Звездный', NULL, NULL),
(57, 'Зелёная', NULL, NULL),
(58, 'Ивана Приходька', NULL, NULL),
(59, 'Ивана Франка', NULL, NULL),
(60, 'Интернационалистов', NULL, NULL),
(61, 'Интернациональный', NULL, NULL),
(62, 'Иренеева', NULL, NULL),
(63, 'Иринеева', NULL, NULL),
(64, 'К. Маркса', NULL, NULL),
(65, 'Кавалерийская', NULL, NULL),
(66, 'Карла Маркса', NULL, NULL),
(67, 'Карпенка Карого', NULL, NULL),
(68, 'Каштановая', NULL, NULL),
(69, 'Квартал 101', NULL, NULL),
(70, 'Квартал 274', NULL, NULL),
(71, 'Квартал 278', NULL, NULL),
(72, 'Квартал 287', NULL, NULL),
(73, 'Квартал 297', NULL, NULL),
(74, 'Квартал 304', NULL, NULL),
(75, 'Киевская', NULL, NULL),
(76, 'Кирова', NULL, NULL),
(77, 'Кировоградская', NULL, NULL),
(78, 'Кленовый', NULL, NULL),
(79, 'Колхозная', NULL, NULL),
(80, 'Кооперативная', NULL, NULL),
(81, 'Космическая', NULL, NULL),
(82, 'Котлова', NULL, NULL),
(83, 'Котовского', NULL, NULL),
(84, 'Кохновская', NULL, NULL),
(85, 'Коцюбинского', NULL, NULL),
(86, 'Красина', NULL, NULL),
(87, 'Красная горка', NULL, NULL),
(88, 'Красноармейская ', NULL, NULL),
(89, 'Красноградская', NULL, NULL),
(90, 'Краснофлотская', NULL, NULL),
(91, 'Крупской', NULL, NULL),
(92, 'Кузнечная', NULL, NULL),
(93, 'Куйбышева', NULL, NULL),
(94, 'Кучерова', NULL, NULL),
(95, 'Кучмы', NULL, NULL),
(96, 'Л. Днепрова', NULL, NULL),
(97, 'Л. Толстого', NULL, NULL),
(98, 'Левобережная', NULL, NULL),
(99, 'Левуна', NULL, NULL),
(100, 'Лейтенанта Днепрова', NULL, NULL),
(101, 'Ленина', NULL, NULL),
(102, 'Леонова', NULL, NULL),
(103, 'Луговая', NULL, NULL),
(104, 'Льва Толстого', NULL, NULL),
(105, 'М. Тореза', NULL, NULL),
(106, 'Макаренка', NULL, NULL),
(107, 'Малонадежная', NULL, NULL),
(108, 'Манагарова', NULL, NULL),
(109, 'Маршала Говорова', NULL, NULL),
(110, 'Маршала Жукова', NULL, NULL),
(111, 'Маяковского', NULL, NULL),
(112, 'Мира', NULL, NULL),
(113, 'Мичурина', NULL, NULL),
(114, 'Молодежная', NULL, NULL),
(115, 'Молодогвардейцев', NULL, NULL),
(116, 'Московская', NULL, NULL),
(117, 'Н. Крупской', NULL, NULL),
(118, 'Набережная', NULL, NULL),
(119, 'Нагорная', NULL, NULL),
(120, 'Народных ополченцев', NULL, NULL),
(121, 'Насосная', NULL, NULL),
(122, 'Некрасова', NULL, NULL),
(123, 'Новая', NULL, NULL),
(124, 'Новокрасноармейская', NULL, NULL),
(125, 'Новоселовская', NULL, NULL),
(126, 'О. Вишні', NULL, NULL),
(127, 'Одесская', NULL, NULL),
(128, 'Октябрьская', NULL, NULL),
(129, 'Олега Кошевого', NULL, NULL),
(130, 'Отраслевой', NULL, NULL),
(131, 'Павлова', NULL, NULL),
(132, 'Пальмира Тольяти', NULL, NULL),
(133, 'Пархоменко', NULL, NULL),
(134, 'пер. Веселый', NULL, NULL),
(135, 'пер. Гарматный', NULL, NULL),
(136, 'Пер. Гвардейский', NULL, NULL),
(137, 'Пер. Грозненский', NULL, NULL),
(138, 'пер. Грушовой', NULL, NULL),
(139, 'пер. Дачный', NULL, NULL),
(140, 'Пер. Днепровский', NULL, NULL),
(141, 'пер. Днепропетровский', NULL, NULL),
(142, 'пер. Дружбы', NULL, NULL),
(143, 'пер. Железнодорожный', NULL, NULL),
(144, 'пер. Звездный', NULL, NULL),
(145, 'пер. Кагамлыцкий', NULL, NULL),
(146, 'пер. Каменогорский', NULL, NULL),
(147, 'пер. Ковпака', NULL, NULL),
(148, 'пер. Колхозный', NULL, NULL),
(149, 'пер. Котовского', NULL, NULL),
(150, 'пер. Красноармейский', NULL, NULL),
(151, 'пер. Криворожский', NULL, NULL),
(152, 'пер. Лубенский', NULL, NULL),
(153, 'пер. Лумумбы', NULL, NULL),
(154, 'пер. Молодежный', NULL, NULL),
(155, 'пер. Насосный', NULL, NULL),
(156, 'Пер. Одесский', NULL, NULL),
(157, 'Пер. Озерный', NULL, NULL),
(158, 'пер. Осипенко', NULL, NULL),
(159, 'Пер. Почтовый', NULL, NULL),
(160, 'пер. Прорезной', NULL, NULL),
(161, 'пер. Ревенко', NULL, NULL),
(162, 'пер. Рокосовского', NULL, NULL),
(163, 'Пер. Рылеева', NULL, NULL),
(164, 'пер. Свердлова', NULL, NULL),
(165, 'пер. Седова', NULL, NULL),
(166, 'пер. Сумской', NULL, NULL),
(167, 'пер. Тецовский', NULL, NULL),
(168, 'пер. Тополевый', NULL, NULL),
(169, 'пер. Транспортный', NULL, NULL),
(170, 'пер. Трудовой', NULL, NULL),
(171, 'Пер. Февральский', NULL, NULL),
(172, 'Пер. Фруктовый', NULL, NULL),
(173, 'пер. Фурманова', NULL, NULL),
(174, 'пер. Циолковского', NULL, NULL),
(175, 'пер. Чапаева', NULL, NULL),
(176, 'пер. Чередницкий', NULL, NULL),
(177, 'пер. Чернышевского', NULL, NULL),
(178, 'пер. Чигиринский', NULL, NULL),
(179, 'пер. Школьный', NULL, NULL),
(180, 'пер. Юбилейный', NULL, NULL),
(181, 'пер.Арсенальный', NULL, NULL),
(182, 'пер.Красноармейский', NULL, NULL),
(183, 'пер.Кремневый', NULL, NULL),
(184, 'пер.Кучерова', NULL, NULL),
(185, 'пер.Некрасова', NULL, NULL),
(186, 'пер.Прорезной', NULL, NULL),
(187, 'пер.Ушинского', NULL, NULL),
(188, 'пер.Чернышевского', NULL, NULL),
(189, 'Первомайская', NULL, NULL),
(190, 'переулок Ракитина', NULL, NULL),
(191, 'Переяславская', NULL, NULL),
(192, 'Петровского', NULL, NULL),
(193, 'Пилотов', NULL, NULL),
(194, 'Пионерская', NULL, NULL),
(195, 'Победы', NULL, NULL),
(196, 'Почтовый', NULL, NULL),
(197, 'пр. Гвардейский', NULL, NULL),
(198, 'пр. М. Расковой', NULL, NULL),
(199, 'Приходько', NULL, NULL),
(200, 'проезд Арсенальный', NULL, NULL),
(201, 'проезд Заводской', NULL, NULL),
(202, 'Проезд Майский', NULL, NULL),
(203, 'проезд Н. Ополченцев', NULL, NULL),
(204, 'проезд Отраслевой', NULL, NULL),
(205, 'проезд Тупиковый', NULL, NULL),
(206, 'проезд Чкалова', NULL, NULL),
(207, 'проезд Ярославский', NULL, NULL),
(208, 'Пролетарская', NULL, NULL),
(209, 'просп. 50 лет Октября', NULL, NULL),
(210, 'проспект 50 Лет Октября', NULL, NULL),
(211, 'проспект Полтавский', NULL, NULL),
(212, 'Простор маркет', NULL, NULL),
(213, 'проул. Арсенальный', NULL, NULL),
(214, 'Проулок Вербовой', NULL, NULL),
(215, 'Профсоюзная', NULL, NULL),
(216, 'Пушкина ', NULL, NULL),
(217, 'Размыслова', NULL, NULL),
(218, 'Ревенко', NULL, NULL),
(219, 'Редутная', NULL, NULL),
(220, 'Республиканская', NULL, NULL),
(221, 'Респуликанская', NULL, NULL),
(222, 'Речная', NULL, NULL),
(223, 'Рилеева', NULL, NULL),
(224, 'Родимцева', NULL, NULL),
(225, 'Розы Люксембург', NULL, NULL),
(226, 'Рокосовского', NULL, NULL),
(227, 'Ромодановская', NULL, NULL),
(228, 'Рылеева', NULL, NULL),
(229, 'Садковская', NULL, NULL),
(230, 'Самойловская', NULL, NULL),
(231, 'Свиштовская', NULL, NULL),
(232, 'Сербиченко', NULL, NULL),
(233, 'Советская', NULL, NULL),
(234, 'Советской милиции', NULL, NULL),
(235, 'Сталинграда', NULL, NULL),
(236, 'Сумская', NULL, NULL),
(237, 'Сушинского', NULL, NULL),
(238, 'Твардовского', NULL, NULL),
(239, 'Тельмана', NULL, NULL),
(240, 'Тольятти Пальмиро', NULL, NULL),
(241, 'Трех космонавтов', NULL, NULL),
(242, 'Труда', NULL, NULL),
(243, 'Туп. Зональный', NULL, NULL),
(244, 'туп. Садковский', NULL, NULL),
(245, 'ул. Ракетная', NULL, NULL),
(246, 'ул. Чечерина', NULL, NULL),
(247, 'ул.Чернышевскго', NULL, NULL),
(248, 'Франко', NULL, NULL),
(249, 'Халаменюка', NULL, NULL),
(250, 'Харьковская', NULL, NULL),
(251, 'Хмельницкого', NULL, NULL),
(252, 'Хорольская', NULL, NULL),
(253, 'Художественная', NULL, NULL),
(254, 'Цветочная', NULL, NULL),
(255, 'Целиноградская', NULL, NULL),
(256, 'Циолковского', NULL, NULL),
(257, 'Цюрюпы', NULL, NULL),
(258, 'Чапаева', NULL, NULL),
(259, 'Чередницкая', NULL, NULL),
(260, 'Чернышевского', NULL, NULL),
(261, 'Чкалова', NULL, NULL),
(262, 'Шевченка', NULL, NULL),
(263, 'Школьная', NULL, NULL),
(264, 'Щербакова', NULL, NULL),
(265, 'Щорса', NULL, NULL),
(266, 'Энгельса', NULL, NULL),
(267, 'Ярмарочная', NULL, NULL),
(268, 'Ярослава Мудрого', NULL, NULL),
(269, '﻿1-й Пещаный тупик', NULL, NULL),
(270, ' Проезд Арсенальный', NULL, NULL),
(271, '1 тупик почтовый', NULL, NULL),
(272, '1-й тупик Почтовый', NULL, NULL),
(273, '1905 года', NULL, NULL),
(274, '2 Индустриальный перулок', NULL, NULL),
(275, '29 Сентября', NULL, NULL),
(276, '3 Космонавтов', NULL, NULL),
(277, '3-х Космонавтов', NULL, NULL),
(278, '40 Лет Октября', NULL, NULL),
(279, '40 лет ГАИ', NULL, NULL),
(280, '40 лет Октября', NULL, NULL),
(281, '50 Лет Октября', NULL, NULL),
(282, '50 Лет СССР', NULL, NULL),
(283, '50 лет Октября', NULL, NULL),
(284, '50 лет СССР', NULL, NULL),
(285, '60 Лет Октября', NULL, NULL),
(286, '60 Лет СССР', NULL, NULL),
(287, '8 Марта', NULL, NULL),
(288, 'Александрийская', NULL, NULL),
(289, 'Артема', NULL, NULL),
(290, 'Баженова', NULL, NULL),
(291, 'Баумана', NULL, NULL),
(292, 'Бетонная', NULL, NULL),
(293, 'Билецковская', NULL, NULL),
(294, 'Боженова', NULL, NULL),
(295, 'Бойко', NULL, NULL),
(296, 'Ботаническая', NULL, NULL),
(297, 'Бреста', NULL, NULL),
(298, 'Бульвар Автокразовский', NULL, NULL),
(299, 'Бутырина', NULL, NULL),
(300, 'Ватутина', NULL, NULL),
(301, 'Весенняя', NULL, NULL),
(302, 'Виноградна', NULL, NULL),
(303, 'Виноградная', NULL, NULL),
(304, 'Воcточная', NULL, NULL),
(305, 'Воинов Интернационалистов', NULL, NULL),
(306, 'Воровского', NULL, NULL),
(307, 'Восточная', NULL, NULL),
(308, 'Высоцкого', NULL, NULL),
(309, 'Г.Иринеева', NULL, NULL),
(310, 'Гагарина', NULL, NULL),
(311, 'Гаевского', NULL, NULL),
(312, 'Гайдара', NULL, NULL),
(313, 'Гвардейская', NULL, NULL),
(314, 'Героев Днепра', NULL, NULL),
(315, 'Гоголя', NULL, NULL),
(316, 'Горького', NULL, NULL),
(317, 'Гражданская', NULL, NULL),
(318, 'Гранитная', NULL, NULL),
(319, 'Декабристов', NULL, NULL),
(320, 'Демьяна Бедного', NULL, NULL),
(321, 'Дзержинского', NULL, NULL),
(322, 'Днепрова', NULL, NULL),
(323, 'Днепровская', NULL, NULL),
(324, 'Добролюбова', NULL, NULL),
(325, 'Егорова', NULL, NULL),
(326, 'Жадова', NULL, NULL),
(327, 'Жилстроевская', NULL, NULL),
(328, 'Заводская', NULL, NULL),
(329, 'Звездный', NULL, NULL),
(330, 'Зелёная', NULL, NULL),
(331, 'Ивана Приходька', NULL, NULL),
(332, 'Ивана Франка', NULL, NULL),
(333, 'Интернационалистов', NULL, NULL),
(334, 'Интернациональный', NULL, NULL),
(335, 'Иренеева', NULL, NULL),
(336, 'Иринеева', NULL, NULL),
(337, 'К. Маркса', NULL, NULL),
(338, 'Кавалерийская', NULL, NULL),
(339, 'Карла Маркса', NULL, NULL),
(340, 'Карпенка Карого', NULL, NULL),
(341, 'Каштановая', NULL, NULL),
(342, 'Квартал 101', NULL, NULL),
(343, 'Квартал 274', NULL, NULL),
(344, 'Квартал 278', NULL, NULL),
(345, 'Квартал 287', NULL, NULL),
(346, 'Квартал 297', NULL, NULL),
(347, 'Квартал 304', NULL, NULL),
(348, 'Киевская', NULL, NULL),
(349, 'Кирова', NULL, NULL),
(350, 'Кировоградская', NULL, NULL),
(351, 'Кленовый', NULL, NULL),
(352, 'Колхозная', NULL, NULL),
(353, 'Кооперативная', NULL, NULL),
(354, 'Космическая', NULL, NULL),
(355, 'Котлова', NULL, NULL),
(356, 'Котовского', NULL, NULL),
(357, 'Кохновская', NULL, NULL),
(358, 'Коцюбинского', NULL, NULL),
(359, 'Кошевого', NULL, NULL),
(360, 'Красина', NULL, NULL),
(361, 'Красная горка', NULL, NULL),
(362, 'Красноармейская ', NULL, NULL),
(363, 'Красноградская', NULL, NULL),
(364, 'Краснофлотская', NULL, NULL),
(365, 'Крупской', NULL, NULL),
(366, 'Кузнечная', NULL, NULL),
(367, 'Куйбышева', NULL, NULL),
(368, 'Кучерова', NULL, NULL),
(369, 'Кучмы', NULL, NULL),
(370, 'Л. Днепрова', NULL, NULL),
(371, 'Л. Толстого', NULL, NULL),
(372, 'Левобережная', NULL, NULL),
(373, 'Левуна', NULL, NULL),
(374, 'Лейтенанта Днепрова', NULL, NULL),
(375, 'Ленина', NULL, NULL),
(376, 'Леонова', NULL, NULL),
(377, 'Луговая', NULL, NULL),
(378, 'Льва Толстого', NULL, NULL),
(379, 'М. Тореза', NULL, NULL),
(380, 'Макаренка', NULL, NULL),
(381, 'Малонадежная', NULL, NULL),
(382, 'Манагарова', NULL, NULL),
(383, 'Маршала Говорова', NULL, NULL),
(384, 'Маршала Жукова', NULL, NULL),
(385, 'Маяковского', NULL, NULL),
(386, 'Мира', NULL, NULL),
(387, 'Мичурина', NULL, NULL),
(388, 'Молодежная', NULL, NULL),
(389, 'Молодогвардейцев', NULL, NULL),
(390, 'Московская', NULL, NULL),
(391, 'Н. Крупской', NULL, NULL),
(392, 'Набережная', NULL, NULL),
(393, 'Нагорная', NULL, NULL),
(394, 'Народных ополченцев', NULL, NULL),
(395, 'Насосная', NULL, NULL),
(396, 'Некрасова', NULL, NULL),
(397, 'Новая', NULL, NULL),
(398, 'Новокрасноармейская', NULL, NULL),
(399, 'Новоселовская', NULL, NULL),
(400, 'О. Вишні', NULL, NULL),
(401, 'Одесская', NULL, NULL),
(402, 'Октябрьская', NULL, NULL),
(403, 'Олега Кошевого', NULL, NULL),
(404, 'Отраслевой', NULL, NULL),
(405, 'Павлова', NULL, NULL),
(406, 'Пальмира Тольяти', NULL, NULL),
(407, 'Пархоменко', NULL, NULL),
(408, 'Пер. Гвардейский', NULL, NULL),
(409, 'Пер. Грозненский', NULL, NULL),
(410, 'Пер. Днепровский', NULL, NULL),
(411, 'Пер. Красноармейский', NULL, NULL),
(412, 'Пер. Одесский', NULL, NULL),
(413, 'Пер. Озерный', NULL, NULL),
(414, 'Пер. Почтовый', NULL, NULL),
(415, 'Пер. Рылеева', NULL, NULL),
(416, 'Пер. Февральский', NULL, NULL),
(417, 'Пер. Фруктовый', NULL, NULL),
(418, 'Первомайская', NULL, NULL),
(419, 'Переяславская', NULL, NULL),
(420, 'Петровского', NULL, NULL),
(421, 'Пилотов', NULL, NULL),
(422, 'Пионерская', NULL, NULL),
(423, 'Победы', NULL, NULL),
(424, 'Почтовый', NULL, NULL),
(425, 'Приходько', NULL, NULL),
(426, 'Проезд Майский', NULL, NULL),
(427, 'Пролетарская', NULL, NULL),
(428, 'Простор маркет', NULL, NULL),
(429, 'Проулок Вербовой', NULL, NULL),
(430, 'Профсоюзная', NULL, NULL),
(431, 'Пушкина ', NULL, NULL),
(432, 'Размыслова', NULL, NULL),
(433, 'Ревенко', NULL, NULL),
(434, 'Редутная', NULL, NULL),
(435, 'Республиканская', NULL, NULL),
(436, 'Респуликанская', NULL, NULL),
(437, 'Речная', NULL, NULL),
(438, 'Рилеева', NULL, NULL),
(439, 'Родимцева', NULL, NULL),
(440, 'Розы Люксембург', NULL, NULL),
(441, 'Рокосовского', NULL, NULL),
(442, 'Ромодановская', NULL, NULL),
(443, 'Рылеева', NULL, NULL),
(444, 'Садковская', NULL, NULL),
(445, 'Самойловская', NULL, NULL),
(446, 'Свиштовская', NULL, NULL),
(447, 'Сербиченко', NULL, NULL),
(448, 'Советская', NULL, NULL),
(449, 'Советской милиции', NULL, NULL),
(450, 'Сталинграда', NULL, NULL),
(451, 'Сумская', NULL, NULL),
(452, 'Сушинского', NULL, NULL),
(453, 'Твардовского', NULL, NULL),
(454, 'Тельмана', NULL, NULL),
(455, 'Тольятти Пальмиро', NULL, NULL),
(456, 'Трех космонавтов', NULL, NULL),
(457, 'Труда', NULL, NULL),
(458, 'Туп. Зональный', NULL, NULL),
(459, 'Франко', NULL, NULL),
(460, 'Халаменюка', NULL, NULL),
(461, 'Харьковская', NULL, NULL),
(462, 'Хмельницкого', NULL, NULL),
(463, 'Хорольская', NULL, NULL),
(464, 'Художественная', NULL, NULL),
(465, 'Цветочная', NULL, NULL),
(466, 'Целиноградская', NULL, NULL),
(467, 'Циолковского', NULL, NULL),
(468, 'Цюрюпы', NULL, NULL),
(469, 'Чапаева', NULL, NULL),
(470, 'Чередницкая', NULL, NULL),
(471, 'Чернобабы', NULL, NULL),
(472, 'Черноморская', NULL, NULL),
(473, 'Чернышевского', NULL, NULL),
(474, 'Чкалова', NULL, NULL),
(475, 'Шевченка', NULL, NULL),
(476, 'Школьная', NULL, NULL),
(477, 'Щербакова', NULL, NULL),
(478, 'Щорса', NULL, NULL),
(479, 'Энгельса', NULL, NULL),
(480, 'Ярмарочная', NULL, NULL),
(481, 'Ярослава Мудрого', NULL, NULL),
(482, 'бульвар Автокразовский', NULL, NULL),
(483, 'пер. Веселый', NULL, NULL),
(484, 'пер. Гарматный', NULL, NULL),
(485, 'пер. Гвардейский', NULL, NULL),
(486, 'пер. Грозненский', NULL, NULL),
(487, 'пер. Грушовой', NULL, NULL),
(488, 'пер. Дачный', NULL, NULL),
(489, 'пер. Днепропетровский', NULL, NULL),
(490, 'пер. Дружбы', NULL, NULL),
(491, 'пер. Железнодорожный', NULL, NULL),
(492, 'пер. Звездный', NULL, NULL),
(493, 'пер. Кагамлыцкий', NULL, NULL),
(494, 'пер. Каменогорский', NULL, NULL),
(495, 'пер. Ковпака', NULL, NULL),
(496, 'пер. Колхозный', NULL, NULL),
(497, 'пер. Котовского', NULL, NULL),
(498, 'пер. Красноармейский', NULL, NULL),
(499, 'пер. Криворожский', NULL, NULL),
(500, 'пер. Лубенский', NULL, NULL),
(501, 'пер. Лумумбы', NULL, NULL),
(502, 'пер. Молодежный', NULL, NULL),
(503, 'пер. Насосный', NULL, NULL),
(504, 'пер. Одесский', NULL, NULL),
(505, 'пер. Осипенко', NULL, NULL),
(506, 'пер. Почтовый', NULL, NULL),
(507, 'пер. Прорезной', NULL, NULL),
(508, 'пер. Ревенко', NULL, NULL),
(509, 'пер. Рокосовского', NULL, NULL),
(510, 'пер. Рылеева', NULL, NULL),
(511, 'пер. Свердлова', NULL, NULL),
(512, 'пер. Северный', NULL, NULL),
(513, 'пер. Седова', NULL, NULL),
(514, 'пер. Сумской', NULL, NULL),
(515, 'пер. Тецовский', NULL, NULL),
(516, 'пер. Тополевый', NULL, NULL),
(517, 'пер. Транспортный', NULL, NULL),
(518, 'пер. Трудовой', NULL, NULL),
(519, 'пер. Фурманова', NULL, NULL),
(520, 'пер. Циолковского', NULL, NULL),
(521, 'пер. Чапаева', NULL, NULL),
(522, 'пер. Чередницкий', NULL, NULL),
(523, 'пер. Чернышевского', NULL, NULL),
(524, 'пер. Чигиринский', NULL, NULL),
(525, 'пер. Школьный', NULL, NULL),
(526, 'пер. Юбилейный', NULL, NULL),
(527, 'пер.Арсенальный', NULL, NULL),
(528, 'пер.Красноармейский', NULL, NULL),
(529, 'пер.Кремневый', NULL, NULL),
(530, 'пер.Кучерова', NULL, NULL),
(531, 'пер.Некрасова', NULL, NULL),
(532, 'пер.Прорезной', NULL, NULL),
(533, 'пер.Ушинского', NULL, NULL),
(534, 'пер.Чернышевского', NULL, NULL),
(535, 'переулок Ракитина', NULL, NULL),
(536, 'пр. Гвардейский', NULL, NULL),
(537, 'пр. М. Расковой', NULL, NULL),
(538, 'пр. Торубары', NULL, NULL),
(539, 'проезд Арсенальный', NULL, NULL),
(540, 'проезд Заводской', NULL, NULL),
(541, 'проезд Н. Ополченцев', NULL, NULL),
(542, 'проезд Отраслевой', NULL, NULL),
(543, 'проезд Тупиковый', NULL, NULL),
(544, 'проезд Чкалова', NULL, NULL),
(545, 'проезд Ярославский', NULL, NULL),
(546, 'просп. 50 лет Октября', NULL, NULL),
(547, 'проспект 50 Лет Октября', NULL, NULL),
(548, 'проспект Кучерова', NULL, NULL),
(549, 'проспект Полтавский', NULL, NULL),
(550, 'проул. Арсенальный', NULL, NULL),
(551, 'туп. Садковский', NULL, NULL),
(552, 'ул. Кузнецова', NULL, NULL),
(553, 'ул. Ракетная', NULL, NULL),
(554, 'ул. Чечерина', NULL, NULL),
(555, 'ул.Чернышевскго', NULL, NULL),
(556, '﻿1-й Пещаный тупик', NULL, NULL),
(557, ' Проезд Арсенальный', NULL, NULL),
(558, '1 тупик почтовый', NULL, NULL),
(559, '1-й тупик Почтовый', NULL, NULL),
(560, '1905 года', NULL, NULL),
(561, '2 Индустриальный перулок', NULL, NULL),
(562, '29 Сентября', NULL, NULL),
(563, '3 Космонавтов', NULL, NULL),
(564, '3-х Космонавтов', NULL, NULL),
(565, '40 Лет Октября', NULL, NULL),
(566, '40 лет ГАИ', NULL, NULL),
(567, '40 лет Октября', NULL, NULL),
(568, '50 Лет Октября', NULL, NULL),
(569, '50 Лет СССР', NULL, NULL),
(570, '50 лет Октября', NULL, NULL),
(571, '50 лет СССР', NULL, NULL),
(572, '60 Лет Октября', NULL, NULL),
(573, '60 Лет СССР', NULL, NULL),
(574, '8 Марта', NULL, NULL),
(575, 'Александрийская', NULL, NULL),
(576, 'Артема', NULL, NULL),
(577, 'Баженова', NULL, NULL),
(578, 'Баумана', NULL, NULL),
(579, 'Бетонная', NULL, NULL),
(580, 'Билецковская', NULL, NULL),
(581, 'Боженова', NULL, NULL),
(582, 'Бойко', NULL, NULL),
(583, 'Ботаническая', NULL, NULL),
(584, 'Бреста', NULL, NULL),
(585, 'Бульвар Автокразовский', NULL, NULL),
(586, 'Бутырина', NULL, NULL),
(587, 'Ватутина', NULL, NULL),
(588, 'Весенняя', NULL, NULL),
(589, 'Виноградна', NULL, NULL),
(590, 'Виноградная', NULL, NULL),
(591, 'Воcточная', NULL, NULL),
(592, 'Воинов Интернационалистов', NULL, NULL),
(593, 'Воровского', NULL, NULL),
(594, 'Восточная', NULL, NULL),
(595, 'Высоцкого', NULL, NULL),
(596, 'Г.Иринеева', NULL, NULL),
(597, 'Гагарина', NULL, NULL),
(598, 'Гаевского', NULL, NULL),
(599, 'Гайдара', NULL, NULL),
(600, 'Гвардейская', NULL, NULL),
(601, 'Героев Днепра', NULL, NULL),
(602, 'Гоголя', NULL, NULL),
(603, 'Горького', NULL, NULL),
(604, 'Гражданская', NULL, NULL),
(605, 'Гранитная', NULL, NULL),
(606, 'Декабристов', NULL, NULL),
(607, 'Демьяна Бедного', NULL, NULL),
(608, 'Дзержинского', NULL, NULL),
(609, 'Днепрова', NULL, NULL),
(610, 'Днепровская', NULL, NULL),
(611, 'Добролюбова', NULL, NULL),
(612, 'Егорова', NULL, NULL),
(613, 'Жадова', NULL, NULL),
(614, 'Жилстроевская', NULL, NULL),
(615, 'Заводская', NULL, NULL),
(616, 'Звездный', NULL, NULL),
(617, 'Зелёная', NULL, NULL),
(618, 'Ивана Приходька', NULL, NULL),
(619, 'Ивана Франка', NULL, NULL),
(620, 'Интернационалистов', NULL, NULL),
(621, 'Интернациональный', NULL, NULL),
(622, 'Иренеева', NULL, NULL),
(623, 'Иринеева', NULL, NULL),
(624, 'К. Маркса', NULL, NULL),
(625, 'Кавалерийская', NULL, NULL),
(626, 'Карла Маркса', NULL, NULL),
(627, 'Карпенка Карого', NULL, NULL),
(628, 'Каштановая', NULL, NULL),
(629, 'Квартал 101', NULL, NULL),
(630, 'Квартал 274', NULL, NULL),
(631, 'Квартал 278', NULL, NULL),
(632, 'Квартал 287', NULL, NULL),
(633, 'Квартал 297', NULL, NULL),
(634, 'Квартал 304', NULL, NULL),
(635, 'Киевская', NULL, NULL),
(636, 'Кирова', NULL, NULL),
(637, 'Кировоградская', NULL, NULL),
(638, 'Кленовый', NULL, NULL),
(639, 'Колхозная', NULL, NULL),
(640, 'Кооперативная', NULL, NULL),
(641, 'Космическая', NULL, NULL),
(642, 'Котлова', NULL, NULL),
(643, 'Котовского', NULL, NULL),
(644, 'Кохновская', NULL, NULL),
(645, 'Коцюбинского', NULL, NULL),
(646, 'Кошевого', NULL, NULL),
(647, 'Красина', NULL, NULL),
(648, 'Красная горка', NULL, NULL),
(649, 'Красноармейская ', NULL, NULL),
(650, 'Красноградская', NULL, NULL),
(651, 'Краснофлотская', NULL, NULL),
(652, 'Крупской', NULL, NULL),
(653, 'Кузнечная', NULL, NULL),
(654, 'Куйбышева', NULL, NULL),
(655, 'Кучерова', NULL, NULL),
(656, 'Кучмы', NULL, NULL),
(657, 'Л. Днепрова', NULL, NULL),
(658, 'Л. Толстого', NULL, NULL),
(659, 'Левобережная', NULL, NULL),
(660, 'Левуна', NULL, NULL),
(661, 'Лейтенанта Днепрова', NULL, NULL),
(662, 'Ленина', NULL, NULL),
(663, 'Леонова', NULL, NULL),
(664, 'Луговая', NULL, NULL),
(665, 'Льва Толстого', NULL, NULL),
(666, 'М. Тореза', NULL, NULL),
(667, 'Макаренка', NULL, NULL),
(668, 'Малонадежная', NULL, NULL),
(669, 'Манагарова', NULL, NULL),
(670, 'Маршала Говорова', NULL, NULL),
(671, 'Маршала Жукова', NULL, NULL),
(672, 'Маяковского', NULL, NULL),
(673, 'Мира', NULL, NULL),
(674, 'Мичурина', NULL, NULL),
(675, 'Молодежная', NULL, NULL),
(676, 'Молодогвардейцев', NULL, NULL),
(677, 'Московская', NULL, NULL),
(678, 'Н. Крупской', NULL, NULL),
(679, 'Набережная', NULL, NULL),
(680, 'Нагорная', NULL, NULL),
(681, 'Народных ополченцев', NULL, NULL),
(682, 'Насосная', NULL, NULL),
(683, 'Некрасова', NULL, NULL),
(684, 'Новая', NULL, NULL),
(685, 'Новокрасноармейская', NULL, NULL),
(686, 'Новоселовская', NULL, NULL),
(687, 'О. Вишні', NULL, NULL),
(688, 'Одесская', NULL, NULL),
(689, 'Октябрьская', NULL, NULL),
(690, 'Олега Кошевого', NULL, NULL),
(691, 'Отраслевой', NULL, NULL),
(692, 'Павлова', NULL, NULL),
(693, 'Пальмира Тольяти', NULL, NULL),
(694, 'Пархоменко', NULL, NULL),
(695, 'Пер. Гвардейский', NULL, NULL),
(696, 'Пер. Грозненский', NULL, NULL),
(697, 'Пер. Днепровский', NULL, NULL),
(698, 'Пер. Красноармейский', NULL, NULL),
(699, 'Пер. Одесский', NULL, NULL),
(700, 'Пер. Озерный', NULL, NULL),
(701, 'Пер. Почтовый', NULL, NULL),
(702, 'Пер. Рылеева', NULL, NULL),
(703, 'Пер. Февральский', NULL, NULL),
(704, 'Пер. Фруктовый', NULL, NULL),
(705, 'Первомайская', NULL, NULL),
(706, 'Переяславская', NULL, NULL),
(707, 'Петровского', NULL, NULL),
(708, 'Пилотов', NULL, NULL),
(709, 'Пионерская', NULL, NULL),
(710, 'Победы', NULL, NULL),
(711, 'Почтовый', NULL, NULL),
(712, 'Приходько', NULL, NULL),
(713, 'Проезд Майский', NULL, NULL),
(714, 'Пролетарская', NULL, NULL),
(715, 'Простор маркет', NULL, NULL),
(716, 'Проулок Вербовой', NULL, NULL),
(717, 'Профсоюзная', NULL, NULL),
(718, 'Пушкина ', NULL, NULL),
(719, 'Размыслова', NULL, NULL),
(720, 'Ревенко', NULL, NULL),
(721, 'Редутная', NULL, NULL),
(722, 'Республиканская', NULL, NULL),
(723, 'Респуликанская', NULL, NULL),
(724, 'Речная', NULL, NULL),
(725, 'Рилеева', NULL, NULL),
(726, 'Родимцева', NULL, NULL),
(727, 'Розы Люксембург', NULL, NULL),
(728, 'Рокосовского', NULL, NULL),
(729, 'Ромодановская', NULL, NULL),
(730, 'Рылеева', NULL, NULL),
(731, 'Садковская', NULL, NULL),
(732, 'Самойловская', NULL, NULL),
(733, 'Свиштовская', NULL, NULL),
(734, 'Сербиченко', NULL, NULL),
(735, 'Советская', NULL, NULL),
(736, 'Советской милиции', NULL, NULL),
(737, 'Сталинграда', NULL, NULL),
(738, 'Сумская', NULL, NULL),
(739, 'Сушинского', NULL, NULL),
(740, 'Твардовского', NULL, NULL),
(741, 'Тельмана', NULL, NULL),
(742, 'Тольятти Пальмиро', NULL, NULL),
(743, 'Трех космонавтов', NULL, NULL),
(744, 'Труда', NULL, NULL),
(745, 'Туп. Зональный', NULL, NULL),
(746, 'Франко', NULL, NULL),
(747, 'Халаменюка', NULL, NULL),
(748, 'Харьковская', NULL, NULL),
(749, 'Хмельницкого', NULL, NULL),
(750, 'Хорольская', NULL, NULL),
(751, 'Художественная', NULL, NULL),
(752, 'Цветочная', NULL, NULL),
(753, 'Целиноградская', NULL, NULL),
(754, 'Циолковского', NULL, NULL),
(755, 'Цюрюпы', NULL, NULL),
(756, 'Чапаева', NULL, NULL),
(757, 'Чередницкая', NULL, NULL),
(758, 'Чернобабы', NULL, NULL),
(759, 'Черноморская', NULL, NULL),
(760, 'Чернышевского', NULL, NULL),
(761, 'Чкалова', NULL, NULL),
(762, 'Шевченка', NULL, NULL),
(763, 'Школьная', NULL, NULL),
(764, 'Щербакова', NULL, NULL),
(765, 'Щорса', NULL, NULL),
(766, 'Энгельса', NULL, NULL),
(767, 'Ярмарочная', NULL, NULL),
(768, 'Ярослава Мудрого', NULL, NULL),
(769, 'бульвар Автокразовский', NULL, NULL),
(770, 'пер. Веселый', NULL, NULL),
(771, 'пер. Гарматный', NULL, NULL),
(772, 'пер. Гвардейский', NULL, NULL),
(773, 'пер. Грозненский', NULL, NULL),
(774, 'пер. Грушовой', NULL, NULL),
(775, 'пер. Дачный', NULL, NULL),
(776, 'пер. Днепропетровский', NULL, NULL),
(777, 'пер. Дружбы', NULL, NULL),
(778, 'пер. Железнодорожный', NULL, NULL),
(779, 'пер. Звездный', NULL, NULL),
(780, 'пер. Кагамлыцкий', NULL, NULL),
(781, 'пер. Каменогорский', NULL, NULL),
(782, 'пер. Ковпака', NULL, NULL),
(783, 'пер. Колхозный', NULL, NULL),
(784, 'пер. Котовского', NULL, NULL),
(785, 'пер. Красноармейский', NULL, NULL),
(786, 'пер. Криворожский', NULL, NULL),
(787, 'пер. Лубенский', NULL, NULL),
(788, 'пер. Лумумбы', NULL, NULL),
(789, 'пер. Молодежный', NULL, NULL),
(790, 'пер. Насосный', NULL, NULL),
(791, 'пер. Одесский', NULL, NULL),
(792, 'пер. Осипенко', NULL, NULL),
(793, 'пер. Почтовый', NULL, NULL),
(794, 'пер. Прорезной', NULL, NULL),
(795, 'пер. Ревенко', NULL, NULL),
(796, 'пер. Рокосовского', NULL, NULL),
(797, 'пер. Рылеева', NULL, NULL),
(798, 'пер. Свердлова', NULL, NULL),
(799, 'пер. Северный', NULL, NULL),
(800, 'пер. Седова', NULL, NULL),
(801, 'пер. Сумской', NULL, NULL),
(802, 'пер. Тецовский', NULL, NULL),
(803, 'пер. Тополевый', NULL, NULL),
(804, 'пер. Транспортный', NULL, NULL),
(805, 'пер. Трудовой', NULL, NULL),
(806, 'пер. Фурманова', NULL, NULL),
(807, 'пер. Циолковского', NULL, NULL),
(808, 'пер. Чапаева', NULL, NULL),
(809, 'пер. Чередницкий', NULL, NULL),
(810, 'пер. Чернышевского', NULL, NULL),
(811, 'пер. Чигиринский', NULL, NULL),
(812, 'пер. Школьный', NULL, NULL),
(813, 'пер. Юбилейный', NULL, NULL),
(814, 'пер.Арсенальный', NULL, NULL),
(815, 'пер.Красноармейский', NULL, NULL),
(816, 'пер.Кремневый', NULL, NULL),
(817, 'пер.Кучерова', NULL, NULL),
(818, 'пер.Некрасова', NULL, NULL),
(819, 'пер.Прорезной', NULL, NULL),
(820, 'пер.Ушинского', NULL, NULL),
(821, 'пер.Чернышевского', NULL, NULL),
(822, 'переулок Ракитина', NULL, NULL),
(823, 'пр. Гвардейский', NULL, NULL),
(824, 'пр. М. Расковой', NULL, NULL),
(825, 'пр. Торубары', NULL, NULL),
(826, 'проезд Арсенальный', NULL, NULL),
(827, 'проезд Заводской', NULL, NULL),
(828, 'проезд Н. Ополченцев', NULL, NULL),
(829, 'проезд Отраслевой', NULL, NULL),
(830, 'проезд Тупиковый', NULL, NULL),
(831, 'проезд Чкалова', NULL, NULL),
(832, 'проезд Ярославский', NULL, NULL),
(833, 'просп. 50 лет Октября', NULL, NULL),
(834, 'проспект 50 Лет Октября', NULL, NULL),
(835, 'проспект Кучерова', NULL, NULL),
(836, 'проспект Полтавский', NULL, NULL),
(837, 'проул. Арсенальный', NULL, NULL),
(838, 'туп. Садковский', NULL, NULL),
(839, 'ул. Кузнецова', NULL, NULL),
(840, 'ул. Ракетная', NULL, NULL),
(841, 'ул. Чечерина', NULL, NULL),
(842, 'ул.Чернышевскго', NULL, NULL),
(843, '﻿1-й Пещаный тупик', NULL, NULL),
(844, ' Проезд Арсенальный', NULL, NULL),
(845, '1 тупик почтовый', NULL, NULL),
(846, '1-й тупик Почтовый', NULL, NULL),
(847, '1905 года', NULL, NULL),
(848, '2 Индустриальный перулок', NULL, NULL),
(849, '29 Сентября', NULL, NULL),
(850, '3 Космонавтов', NULL, NULL),
(851, '3-х Космонавтов', NULL, NULL),
(852, '40 Лет Октября', NULL, NULL),
(853, '40 лет ГАИ', NULL, NULL),
(854, '40 лет Октября', NULL, NULL),
(855, '50 Лет Октября', NULL, NULL),
(856, '50 Лет СССР', NULL, NULL),
(857, '50 лет Октября', NULL, NULL),
(858, '50 лет СССР', NULL, NULL),
(859, '60 Лет Октября', NULL, NULL),
(860, '60 Лет СССР', NULL, NULL),
(861, '8 Марта', NULL, NULL),
(862, 'Александрийская', NULL, NULL),
(863, 'Артема', NULL, NULL),
(864, 'Баженова', NULL, NULL),
(865, 'Баумана', NULL, NULL),
(866, 'Бетонная', NULL, NULL),
(867, 'Билецковская', NULL, NULL),
(868, 'Боженова', NULL, NULL),
(869, 'Бойко', NULL, NULL),
(870, 'Ботаническая', NULL, NULL),
(871, 'Бреста', NULL, NULL),
(872, 'Бульвар Автокразовский', NULL, NULL),
(873, 'Бутырина', NULL, NULL),
(874, 'Ватутина', NULL, NULL),
(875, 'Весенняя', NULL, NULL),
(876, 'Виноградна', NULL, NULL),
(877, 'Виноградная', NULL, NULL),
(878, 'Воcточная', NULL, NULL),
(879, 'Воинов Интернационалистов', NULL, NULL),
(880, 'Воровского', NULL, NULL),
(881, 'Восточная', NULL, NULL),
(882, 'Высоцкого', NULL, NULL),
(883, 'Г.Иринеева', NULL, NULL),
(884, 'Гагарина', NULL, NULL),
(885, 'Гаевского', NULL, NULL),
(886, 'Гайдара', NULL, NULL),
(887, 'Гвардейская', NULL, NULL),
(888, 'Героев Днепра', NULL, NULL),
(889, 'Гоголя', NULL, NULL),
(890, 'Горького', NULL, NULL),
(891, 'Гражданская', NULL, NULL),
(892, 'Гранитная', NULL, NULL),
(893, 'Декабристов', NULL, NULL),
(894, 'Демьяна Бедного', NULL, NULL),
(895, 'Дзержинского', NULL, NULL),
(896, 'Днепрова', NULL, NULL),
(897, 'Днепровская', NULL, NULL),
(898, 'Добролюбова', NULL, NULL),
(899, 'Егорова', NULL, NULL),
(900, 'Жадова', NULL, NULL),
(901, 'Жилстроевская', NULL, NULL),
(902, 'Заводская', NULL, NULL),
(903, 'Звездный', NULL, NULL),
(904, 'Зелёная', NULL, NULL),
(905, 'Ивана Приходька', NULL, NULL),
(906, 'Ивана Франка', NULL, NULL),
(907, 'Интернационалистов', NULL, NULL),
(908, 'Интернациональный', NULL, NULL),
(909, 'Иренеева', NULL, NULL),
(910, 'Иринеева', NULL, NULL),
(911, 'К. Маркса', NULL, NULL),
(912, 'Кавалерийская', NULL, NULL),
(913, 'Карла Маркса', NULL, NULL),
(914, 'Карпенка Карого', NULL, NULL),
(915, 'Каштановая', NULL, NULL),
(916, 'Квартал 101', NULL, NULL),
(917, 'Квартал 274', NULL, NULL),
(918, 'Квартал 278', NULL, NULL),
(919, 'Квартал 287', NULL, NULL),
(920, 'Квартал 297', NULL, NULL),
(921, 'Квартал 304', NULL, NULL),
(922, 'Киевская', NULL, NULL),
(923, 'Кирова', NULL, NULL),
(924, 'Кировоградская', NULL, NULL),
(925, 'Кленовый', NULL, NULL),
(926, 'Колхозная', NULL, NULL),
(927, 'Кооперативная', NULL, NULL),
(928, 'Космическая', NULL, NULL),
(929, 'Котлова', NULL, NULL),
(930, 'Котовского', NULL, NULL),
(931, 'Кохновская', NULL, NULL),
(932, 'Коцюбинского', NULL, NULL),
(933, 'Кошевого', NULL, NULL),
(934, 'Красина', NULL, NULL),
(935, 'Красная горка', NULL, NULL),
(936, 'Красноармейская ', NULL, NULL),
(937, 'Красноградская', NULL, NULL),
(938, 'Краснофлотская', NULL, NULL),
(939, 'Крупской', NULL, NULL),
(940, 'Кузнечная', NULL, NULL),
(941, 'Куйбышева', NULL, NULL),
(942, 'Кучерова', NULL, NULL),
(943, 'Кучмы', NULL, NULL),
(944, 'Л. Днепрова', NULL, NULL),
(945, 'Л. Толстого', NULL, NULL),
(946, 'Левобережная', NULL, NULL),
(947, 'Левуна', NULL, NULL),
(948, 'Лейтенанта Днепрова', NULL, NULL),
(949, 'Ленина', NULL, NULL),
(950, 'Леонова', NULL, NULL),
(951, 'Луговая', NULL, NULL),
(952, 'Льва Толстого', NULL, NULL),
(953, 'М. Тореза', NULL, NULL),
(954, 'Макаренка', NULL, NULL),
(955, 'Малонадежная', NULL, NULL),
(956, 'Манагарова', NULL, NULL),
(957, 'Маршала Говорова', NULL, NULL),
(958, 'Маршала Жукова', NULL, NULL),
(959, 'Маяковского', NULL, NULL),
(960, 'Мира', NULL, NULL),
(961, 'Мичурина', NULL, NULL),
(962, 'Молодежная', NULL, NULL),
(963, 'Молодогвардейцев', NULL, NULL),
(964, 'Московская', NULL, NULL),
(965, 'Н. Крупской', NULL, NULL),
(966, 'Набережная', NULL, NULL),
(967, 'Нагорная', NULL, NULL),
(968, 'Народных ополченцев', NULL, NULL),
(969, 'Насосная', NULL, NULL),
(970, 'Некрасова', NULL, NULL),
(971, 'Новая', NULL, NULL),
(972, 'Новокрасноармейская', NULL, NULL),
(973, 'Новоселовская', NULL, NULL),
(974, 'О. Вишні', NULL, NULL),
(975, 'Одесская', NULL, NULL),
(976, 'Октябрьская', NULL, NULL),
(977, 'Олега Кошевого', NULL, NULL),
(978, 'Отраслевой', NULL, NULL),
(979, 'Павлова', NULL, NULL),
(980, 'Пальмира Тольяти', NULL, NULL),
(981, 'Пархоменко', NULL, NULL),
(982, 'Пер. Гвардейский', NULL, NULL),
(983, 'Пер. Грозненский', NULL, NULL),
(984, 'Пер. Днепровский', NULL, NULL),
(985, 'Пер. Красноармейский', NULL, NULL),
(986, 'Пер. Одесский', NULL, NULL),
(987, 'Пер. Озерный', NULL, NULL),
(988, 'Пер. Почтовый', NULL, NULL),
(989, 'Пер. Рылеева', NULL, NULL),
(990, 'Пер. Февральский', NULL, NULL),
(991, 'Пер. Фруктовый', NULL, NULL),
(992, 'Первомайская', NULL, NULL),
(993, 'Переяславская', NULL, NULL),
(994, 'Петровского', NULL, NULL),
(995, 'Пилотов', NULL, NULL),
(996, 'Пионерская', NULL, NULL),
(997, 'Победы', NULL, NULL),
(998, 'Почтовый', NULL, NULL),
(999, 'Приходько', NULL, NULL),
(1000, 'Проезд Майский', NULL, NULL),
(1001, 'Пролетарская', NULL, NULL),
(1002, 'Простор маркет', NULL, NULL),
(1003, 'Проулок Вербовой', NULL, NULL),
(1004, 'Профсоюзная', NULL, NULL),
(1005, 'Пушкина ', NULL, NULL),
(1006, 'Размыслова', NULL, NULL),
(1007, 'Ревенко', NULL, NULL),
(1008, 'Редутная', NULL, NULL),
(1009, 'Республиканская', NULL, NULL),
(1010, 'Респуликанская', NULL, NULL),
(1011, 'Речная', NULL, NULL),
(1012, 'Рилеева', NULL, NULL),
(1013, 'Родимцева', NULL, NULL),
(1014, 'Розы Люксембург', NULL, NULL),
(1015, 'Рокосовского', NULL, NULL),
(1016, 'Ромодановская', NULL, NULL),
(1017, 'Рылеева', NULL, NULL),
(1018, 'Садковская', NULL, NULL),
(1019, 'Самойловская', NULL, NULL),
(1020, 'Свиштовская', NULL, NULL),
(1021, 'Сербиченко', NULL, NULL),
(1022, 'Советская', NULL, NULL),
(1023, 'Советской милиции', NULL, NULL),
(1024, 'Сталинграда', NULL, NULL),
(1025, 'Сумская', NULL, NULL),
(1026, 'Сушинского', NULL, NULL),
(1027, 'Твардовского', NULL, NULL),
(1028, 'Тельмана', NULL, NULL),
(1029, 'Тольятти Пальмиро', NULL, NULL),
(1030, 'Трех космонавтов', NULL, NULL),
(1031, 'Труда', NULL, NULL),
(1032, 'Туп. Зональный', NULL, NULL),
(1033, 'Франко', NULL, NULL),
(1034, 'Халаменюка', NULL, NULL),
(1035, 'Харьковская', NULL, NULL),
(1036, 'Хмельницкого', NULL, NULL),
(1037, 'Хорольская', NULL, NULL),
(1038, 'Художественная', NULL, NULL),
(1039, 'Цветочная', NULL, NULL),
(1040, 'Целиноградская', NULL, NULL),
(1041, 'Циолковского', NULL, NULL),
(1042, 'Цюрюпы', NULL, NULL),
(1043, 'Чапаева', NULL, NULL),
(1044, 'Чередницкая', NULL, NULL),
(1045, 'Чернобабы', NULL, NULL),
(1046, 'Черноморская', NULL, NULL),
(1047, 'Чернышевского', NULL, NULL),
(1048, 'Чкалова', NULL, NULL),
(1049, 'Шевченка', NULL, NULL),
(1050, 'Школьная', NULL, NULL),
(1051, 'Щербакова', NULL, NULL),
(1052, 'Щорса', NULL, NULL),
(1053, 'Энгельса', NULL, NULL),
(1054, 'Ярмарочная', NULL, NULL),
(1055, 'Ярослава Мудрого', NULL, NULL),
(1056, 'бульвар Автокразовский', NULL, NULL),
(1057, 'пер. Веселый', NULL, NULL),
(1058, 'пер. Гарматный', NULL, NULL),
(1059, 'пер. Гвардейский', NULL, NULL),
(1060, 'пер. Грозненский', NULL, NULL),
(1061, 'пер. Грушовой', NULL, NULL),
(1062, 'пер. Дачный', NULL, NULL),
(1063, 'пер. Днепропетровский', NULL, NULL),
(1064, 'пер. Дружбы', NULL, NULL),
(1065, 'пер. Железнодорожный', NULL, NULL),
(1066, 'пер. Звездный', NULL, NULL),
(1067, 'пер. Кагамлыцкий', NULL, NULL),
(1068, 'пер. Каменогорский', NULL, NULL),
(1069, 'пер. Ковпака', NULL, NULL),
(1070, 'пер. Колхозный', NULL, NULL),
(1071, 'пер. Котовского', NULL, NULL),
(1072, 'пер. Красноармейский', NULL, NULL),
(1073, 'пер. Криворожский', NULL, NULL),
(1074, 'пер. Лубенский', NULL, NULL),
(1075, 'пер. Лумумбы', NULL, NULL),
(1076, 'пер. Молодежный', NULL, NULL),
(1077, 'пер. Насосный', NULL, NULL),
(1078, 'пер. Одесский', NULL, NULL),
(1079, 'пер. Осипенко', NULL, NULL),
(1080, 'пер. Почтовый', NULL, NULL),
(1081, 'пер. Прорезной', NULL, NULL),
(1082, 'пер. Ревенко', NULL, NULL),
(1083, 'пер. Рокосовского', NULL, NULL),
(1084, 'пер. Рылеева', NULL, NULL),
(1085, 'пер. Свердлова', NULL, NULL),
(1086, 'пер. Северный', NULL, NULL),
(1087, 'пер. Седова', NULL, NULL),
(1088, 'пер. Сумской', NULL, NULL),
(1089, 'пер. Тецовский', NULL, NULL),
(1090, 'пер. Тополевый', NULL, NULL),
(1091, 'пер. Транспортный', NULL, NULL),
(1092, 'пер. Трудовой', NULL, NULL),
(1093, 'пер. Фурманова', NULL, NULL),
(1094, 'пер. Циолковского', NULL, NULL),
(1095, 'пер. Чапаева', NULL, NULL),
(1096, 'пер. Чередницкий', NULL, NULL),
(1097, 'пер. Чернышевского', NULL, NULL),
(1098, 'пер. Чигиринский', NULL, NULL),
(1099, 'пер. Школьный', NULL, NULL),
(1100, 'пер. Юбилейный', NULL, NULL),
(1101, 'пер.Арсенальный', NULL, NULL),
(1102, 'пер.Красноармейский', NULL, NULL),
(1103, 'пер.Кремневый', NULL, NULL),
(1104, 'пер.Кучерова', NULL, NULL),
(1105, 'пер.Некрасова', NULL, NULL),
(1106, 'пер.Прорезной', NULL, NULL),
(1107, 'пер.Ушинского', NULL, NULL),
(1108, 'пер.Чернышевского', NULL, NULL),
(1109, 'переулок Ракитина', NULL, NULL),
(1110, 'пр. Гвардейский', NULL, NULL),
(1111, 'пр. М. Расковой', NULL, NULL),
(1112, 'пр. Торубары', NULL, NULL),
(1113, 'проезд Арсенальный', NULL, NULL),
(1114, 'проезд Заводской', NULL, NULL),
(1115, 'проезд Н. Ополченцев', NULL, NULL),
(1116, 'проезд Отраслевой', NULL, NULL),
(1117, 'проезд Тупиковый', NULL, NULL),
(1118, 'проезд Чкалова', NULL, NULL),
(1119, 'проезд Ярославский', NULL, NULL),
(1120, 'просп. 50 лет Октября', NULL, NULL),
(1121, 'проспект 50 Лет Октября', NULL, NULL),
(1122, 'проспект Кучерова', NULL, NULL),
(1123, 'проспект Полтавский', NULL, NULL),
(1124, 'проул. Арсенальный', NULL, NULL),
(1125, 'туп. Садковский', NULL, NULL),
(1126, 'ул. Кузнецова', NULL, NULL),
(1127, 'ул. Ракетная', NULL, NULL),
(1128, 'ул. Чечерина', NULL, NULL),
(1129, 'ул.Чернышевскго', NULL, NULL),
(1130, '﻿1-й Пещаный тупик', NULL, NULL),
(1131, ' Проезд Арсенальный', NULL, NULL),
(1132, '1 тупик почтовый', NULL, NULL),
(1133, '1-й тупик Почтовый', NULL, NULL),
(1134, '1905 года', NULL, NULL),
(1135, '2 Индустриальный перулок', NULL, NULL),
(1136, '29 Сентября', NULL, NULL),
(1137, '3 Космонавтов', NULL, NULL),
(1138, '3-х Космонавтов', NULL, NULL),
(1139, '40 Лет Октября', NULL, NULL),
(1140, '40 лет ГАИ', NULL, NULL),
(1141, '40 лет Октября', NULL, NULL),
(1142, '50 Лет Октября', NULL, NULL),
(1143, '50 Лет СССР', NULL, NULL),
(1144, '50 лет Октября', NULL, NULL),
(1145, '50 лет СССР', NULL, NULL),
(1146, '60 Лет Октября', NULL, NULL),
(1147, '60 Лет СССР', NULL, NULL),
(1148, '8 Марта', NULL, NULL),
(1149, 'Александрийская', NULL, NULL),
(1150, 'Артема', NULL, NULL),
(1151, 'Баженова', NULL, NULL),
(1152, 'Баумана', NULL, NULL),
(1153, 'Бетонная', NULL, NULL),
(1154, 'Билецковская', NULL, NULL),
(1155, 'Боженова', NULL, NULL),
(1156, 'Бойко', NULL, NULL),
(1157, 'Ботаническая', NULL, NULL),
(1158, 'Бреста', NULL, NULL),
(1159, 'Бульвар Автокразовский', NULL, NULL),
(1160, 'Бутырина', NULL, NULL),
(1161, 'Ватутина', NULL, NULL),
(1162, 'Весенняя', NULL, NULL),
(1163, 'Виноградна', NULL, NULL),
(1164, 'Виноградная', NULL, NULL),
(1165, 'Воcточная', NULL, NULL),
(1166, 'Воинов Интернационалистов', NULL, NULL),
(1167, 'Воровского', NULL, NULL),
(1168, 'Восточная', NULL, NULL),
(1169, 'Высоцкого', NULL, NULL),
(1170, 'Г.Иринеева', NULL, NULL),
(1171, 'Гагарина', NULL, NULL),
(1172, 'Гаевского', NULL, NULL),
(1173, 'Гайдара', NULL, NULL),
(1174, 'Гвардейская', NULL, NULL),
(1175, 'Героев Днепра', NULL, NULL),
(1176, 'Гоголя', NULL, NULL),
(1177, 'Горького', NULL, NULL),
(1178, 'Гражданская', NULL, NULL),
(1179, 'Гранитная', NULL, NULL),
(1180, 'Декабристов', NULL, NULL),
(1181, 'Демьяна Бедного', NULL, NULL),
(1182, 'Дзержинского', NULL, NULL),
(1183, 'Днепрова', NULL, NULL),
(1184, 'Днепровская', NULL, NULL),
(1185, 'Добролюбова', NULL, NULL),
(1186, 'Егорова', NULL, NULL),
(1187, 'Жадова', NULL, NULL),
(1188, 'Жилстроевская', NULL, NULL),
(1189, 'Заводская', NULL, NULL),
(1190, 'Звездный', NULL, NULL),
(1191, 'Зелёная', NULL, NULL),
(1192, 'Ивана Приходька', NULL, NULL),
(1193, 'Ивана Франка', NULL, NULL),
(1194, 'Интернационалистов', NULL, NULL),
(1195, 'Интернациональный', NULL, NULL),
(1196, 'Иренеева', NULL, NULL),
(1197, 'Иринеева', NULL, NULL),
(1198, 'К. Маркса', NULL, NULL),
(1199, 'Кавалерийская', NULL, NULL),
(1200, 'Карла Маркса', NULL, NULL),
(1201, 'Карпенка Карого', NULL, NULL),
(1202, 'Каштановая', NULL, NULL),
(1203, 'Квартал 101', NULL, NULL),
(1204, 'Квартал 274', NULL, NULL),
(1205, 'Квартал 278', NULL, NULL),
(1206, 'Квартал 287', NULL, NULL),
(1207, 'Квартал 297', NULL, NULL),
(1208, 'Квартал 304', NULL, NULL),
(1209, 'Киевская', NULL, NULL),
(1210, 'Кирова', NULL, NULL),
(1211, 'Кировоградская', NULL, NULL),
(1212, 'Кленовый', NULL, NULL),
(1213, 'Колхозная', NULL, NULL),
(1214, 'Кооперативная', NULL, NULL),
(1215, 'Космическая', NULL, NULL),
(1216, 'Котлова', NULL, NULL),
(1217, 'Котовского', NULL, NULL),
(1218, 'Кохновская', NULL, NULL),
(1219, 'Коцюбинского', NULL, NULL),
(1220, 'Кошевого', NULL, NULL),
(1221, 'Красина', NULL, NULL),
(1222, 'Красная горка', NULL, NULL),
(1223, 'Красноармейская ', NULL, NULL),
(1224, 'Красноградская', NULL, NULL),
(1225, 'Краснофлотская', NULL, NULL),
(1226, 'Крупской', NULL, NULL),
(1227, 'Кузнечная', NULL, NULL),
(1228, 'Куйбышева', NULL, NULL),
(1229, 'Кучерова', NULL, NULL),
(1230, 'Кучмы', NULL, NULL),
(1231, 'Л. Днепрова', NULL, NULL),
(1232, 'Л. Толстого', NULL, NULL),
(1233, 'Левобережная', NULL, NULL),
(1234, 'Левуна', NULL, NULL),
(1235, 'Лейтенанта Днепрова', NULL, NULL),
(1236, 'Ленина', NULL, NULL),
(1237, 'Леонова', NULL, NULL),
(1238, 'Луговая', NULL, NULL),
(1239, 'Льва Толстого', NULL, NULL),
(1240, 'М. Тореза', NULL, NULL),
(1241, 'Макаренка', NULL, NULL),
(1242, 'Малонадежная', NULL, NULL),
(1243, 'Манагарова', NULL, NULL),
(1244, 'Маршала Говорова', NULL, NULL),
(1245, 'Маршала Жукова', NULL, NULL),
(1246, 'Маяковского', NULL, NULL),
(1247, 'Мира', NULL, NULL),
(1248, 'Мичурина', NULL, NULL),
(1249, 'Молодежная', NULL, NULL),
(1250, 'Молодогвардейцев', NULL, NULL),
(1251, 'Московская', NULL, NULL),
(1252, 'Н. Крупской', NULL, NULL),
(1253, 'Набережная', NULL, NULL),
(1254, 'Нагорная', NULL, NULL),
(1255, 'Народных ополченцев', NULL, NULL),
(1256, 'Насосная', NULL, NULL),
(1257, 'Некрасова', NULL, NULL),
(1258, 'Новая', NULL, NULL),
(1259, 'Новокрасноармейская', NULL, NULL),
(1260, 'Новоселовская', NULL, NULL),
(1261, 'О. Вишні', NULL, NULL),
(1262, 'Одесская', NULL, NULL),
(1263, 'Октябрьская', NULL, NULL),
(1264, 'Олега Кошевого', NULL, NULL),
(1265, 'Отраслевой', NULL, NULL),
(1266, 'Павлова', NULL, NULL),
(1267, 'Пальмира Тольяти', NULL, NULL),
(1268, 'Пархоменко', NULL, NULL),
(1269, 'Пер. Гвардейский', NULL, NULL),
(1270, 'Пер. Грозненский', NULL, NULL),
(1271, 'Пер. Днепровский', NULL, NULL),
(1272, 'Пер. Красноармейский', NULL, NULL),
(1273, 'Пер. Одесский', NULL, NULL),
(1274, 'Пер. Озерный', NULL, NULL),
(1275, 'Пер. Почтовый', NULL, NULL),
(1276, 'Пер. Рылеева', NULL, NULL),
(1277, 'Пер. Февральский', NULL, NULL),
(1278, 'Пер. Фруктовый', NULL, NULL),
(1279, 'Первомайская', NULL, NULL),
(1280, 'Переяславская', NULL, NULL),
(1281, 'Петровского', NULL, NULL),
(1282, 'Пилотов', NULL, NULL),
(1283, 'Пионерская', NULL, NULL),
(1284, 'Победы', NULL, NULL),
(1285, 'Почтовый', NULL, NULL),
(1286, 'Приходько', NULL, NULL),
(1287, 'Проезд Майский', NULL, NULL),
(1288, 'Пролетарская', NULL, NULL),
(1289, 'Простор маркет', NULL, NULL),
(1290, 'Проулок Вербовой', NULL, NULL),
(1291, 'Профсоюзная', NULL, NULL),
(1292, 'Пушкина ', NULL, NULL),
(1293, 'Размыслова', NULL, NULL),
(1294, 'Ревенко', NULL, NULL),
(1295, 'Редутная', NULL, NULL),
(1296, 'Республиканская', NULL, NULL),
(1297, 'Респуликанская', NULL, NULL),
(1298, 'Речная', NULL, NULL),
(1299, 'Рилеева', NULL, NULL),
(1300, 'Родимцева', NULL, NULL),
(1301, 'Розы Люксембург', NULL, NULL),
(1302, 'Рокосовского', NULL, NULL),
(1303, 'Ромодановская', NULL, NULL),
(1304, 'Рылеева', NULL, NULL),
(1305, 'Садковская', NULL, NULL),
(1306, 'Самойловская', NULL, NULL),
(1307, 'Свиштовская', NULL, NULL),
(1308, 'Сербиченко', NULL, NULL),
(1309, 'Советская', NULL, NULL),
(1310, 'Советской милиции', NULL, NULL),
(1311, 'Сталинграда', NULL, NULL),
(1312, 'Сумская', NULL, NULL),
(1313, 'Сушинского', NULL, NULL),
(1314, 'Твардовского', NULL, NULL),
(1315, 'Тельмана', NULL, NULL),
(1316, 'Тольятти Пальмиро', NULL, NULL),
(1317, 'Трех космонавтов', NULL, NULL),
(1318, 'Труда', NULL, NULL),
(1319, 'Туп. Зональный', NULL, NULL),
(1320, 'Франко', NULL, NULL),
(1321, 'Халаменюка', NULL, NULL),
(1322, 'Харьковская', NULL, NULL),
(1323, 'Хмельницкого', NULL, NULL),
(1324, 'Хорольская', NULL, NULL),
(1325, 'Художественная', NULL, NULL),
(1326, 'Цветочная', NULL, NULL),
(1327, 'Целиноградская', NULL, NULL),
(1328, 'Циолковского', NULL, NULL),
(1329, 'Цюрюпы', NULL, NULL),
(1330, 'Чапаева', NULL, NULL),
(1331, 'Чередницкая', NULL, NULL),
(1332, 'Чернобабы', NULL, NULL),
(1333, 'Черноморская', NULL, NULL),
(1334, 'Чернышевского', NULL, NULL),
(1335, 'Чкалова', NULL, NULL),
(1336, 'Шевченка', NULL, NULL),
(1337, 'Школьная', NULL, NULL),
(1338, 'Щербакова', NULL, NULL),
(1339, 'Щорса', NULL, NULL),
(1340, 'Энгельса', NULL, NULL),
(1341, 'Ярмарочная', NULL, NULL),
(1342, 'Ярослава Мудрого', NULL, NULL),
(1343, 'бульвар Автокразовский', NULL, NULL),
(1344, 'пер. Веселый', NULL, NULL),
(1345, 'пер. Гарматный', NULL, NULL),
(1346, 'пер. Гвардейский', NULL, NULL),
(1347, 'пер. Грозненский', NULL, NULL),
(1348, 'пер. Грушовой', NULL, NULL),
(1349, 'пер. Дачный', NULL, NULL),
(1350, 'пер. Днепропетровский', NULL, NULL),
(1351, 'пер. Дружбы', NULL, NULL),
(1352, 'пер. Железнодорожный', NULL, NULL),
(1353, 'пер. Звездный', NULL, NULL),
(1354, 'пер. Кагамлыцкий', NULL, NULL),
(1355, 'пер. Каменогорский', NULL, NULL),
(1356, 'пер. Ковпака', NULL, NULL),
(1357, 'пер. Колхозный', NULL, NULL),
(1358, 'пер. Котовского', NULL, NULL),
(1359, 'пер. Красноармейский', NULL, NULL),
(1360, 'пер. Криворожский', NULL, NULL),
(1361, 'пер. Лубенский', NULL, NULL),
(1362, 'пер. Лумумбы', NULL, NULL),
(1363, 'пер. Молодежный', NULL, NULL),
(1364, 'пер. Насосный', NULL, NULL),
(1365, 'пер. Одесский', NULL, NULL),
(1366, 'пер. Осипенко', NULL, NULL),
(1367, 'пер. Почтовый', NULL, NULL),
(1368, 'пер. Прорезной', NULL, NULL),
(1369, 'пер. Ревенко', NULL, NULL),
(1370, 'пер. Рокосовского', NULL, NULL),
(1371, 'пер. Рылеева', NULL, NULL),
(1372, 'пер. Свердлова', NULL, NULL),
(1373, 'пер. Северный', NULL, NULL),
(1374, 'пер. Седова', NULL, NULL),
(1375, 'пер. Сумской', NULL, NULL),
(1376, 'пер. Тецовский', NULL, NULL),
(1377, 'пер. Тополевый', NULL, NULL),
(1378, 'пер. Транспортный', NULL, NULL),
(1379, 'пер. Трудовой', NULL, NULL),
(1380, 'пер. Фурманова', NULL, NULL),
(1381, 'пер. Циолковского', NULL, NULL),
(1382, 'пер. Чапаева', NULL, NULL),
(1383, 'пер. Чередницкий', NULL, NULL),
(1384, 'пер. Чернышевского', NULL, NULL),
(1385, 'пер. Чигиринский', NULL, NULL),
(1386, 'пер. Школьный', NULL, NULL),
(1387, 'пер. Юбилейный', NULL, NULL),
(1388, 'пер.Арсенальный', NULL, NULL),
(1389, 'пер.Красноармейский', NULL, NULL),
(1390, 'пер.Кремневый', NULL, NULL),
(1391, 'пер.Кучерова', NULL, NULL),
(1392, 'пер.Некрасова', NULL, NULL),
(1393, 'пер.Прорезной', NULL, NULL),
(1394, 'пер.Ушинского', NULL, NULL),
(1395, 'пер.Чернышевского', NULL, NULL),
(1396, 'переулок Ракитина', NULL, NULL),
(1397, 'пр. Гвардейский', NULL, NULL),
(1398, 'пр. М. Расковой', NULL, NULL),
(1399, 'пр. Торубары', NULL, NULL),
(1400, 'проезд Арсенальный', NULL, NULL),
(1401, 'проезд Заводской', NULL, NULL),
(1402, 'проезд Н. Ополченцев', NULL, NULL),
(1403, 'проезд Отраслевой', NULL, NULL),
(1404, 'проезд Тупиковый', NULL, NULL),
(1405, 'проезд Чкалова', NULL, NULL),
(1406, 'проезд Ярославский', NULL, NULL),
(1407, 'просп. 50 лет Октября', NULL, NULL),
(1408, 'проспект 50 Лет Октября', NULL, NULL),
(1409, 'проспект Кучерова', NULL, NULL),
(1410, 'проспект Полтавский', NULL, NULL),
(1411, 'проул. Арсенальный', NULL, NULL),
(1412, 'туп. Садковский', NULL, NULL),
(1413, 'ул. Кузнецова', NULL, NULL),
(1414, 'ул. Ракетная', NULL, NULL),
(1415, 'ул. Чечерина', NULL, NULL),
(1416, 'ул.Чернышевскго', NULL, NULL),
(1417, '﻿1-й Пещаный тупик', NULL, NULL),
(1418, ' Проезд Арсенальный', NULL, NULL),
(1419, '1 тупик почтовый', NULL, NULL),
(1420, '1-й тупик Почтовый', NULL, NULL),
(1421, '1905 года', NULL, NULL),
(1422, '2 Индустриальный перулок', NULL, NULL),
(1423, '29 Сентября', NULL, NULL),
(1424, '3 Космонавтов', NULL, NULL),
(1425, '3-х Космонавтов', NULL, NULL),
(1426, '40 Лет Октября', NULL, NULL),
(1427, '40 лет ГАИ', NULL, NULL),
(1428, '40 лет Октября', NULL, NULL),
(1429, '50 Лет Октября', NULL, NULL),
(1430, '50 Лет СССР', NULL, NULL),
(1431, '50 лет Октября', NULL, NULL),
(1432, '50 лет СССР', NULL, NULL),
(1433, '60 Лет Октября', NULL, NULL),
(1434, '60 Лет СССР', NULL, NULL),
(1435, '8 Марта', NULL, NULL),
(1436, 'Александрийская', NULL, NULL),
(1437, 'Артема', NULL, NULL),
(1438, 'Баженова', NULL, NULL),
(1439, 'Баумана', NULL, NULL),
(1440, 'Бетонная', NULL, NULL),
(1441, 'Билецковская', NULL, NULL),
(1442, 'Боженова', NULL, NULL),
(1443, 'Бойко', NULL, NULL),
(1444, 'Ботаническая', NULL, NULL),
(1445, 'Бреста', NULL, NULL),
(1446, 'Бульвар Автокразовский', NULL, NULL),
(1447, 'Бутырина', NULL, NULL),
(1448, 'Ватутина', NULL, NULL),
(1449, 'Весенняя', NULL, NULL),
(1450, 'Виноградна', NULL, NULL),
(1451, 'Виноградная', NULL, NULL),
(1452, 'Воcточная', NULL, NULL),
(1453, 'Воинов Интернационалистов', NULL, NULL),
(1454, 'Воровского', NULL, NULL),
(1455, 'Восточная', NULL, NULL),
(1456, 'Высоцкого', NULL, NULL),
(1457, 'Г.Иринеева', NULL, NULL),
(1458, 'Гагарина', NULL, NULL),
(1459, 'Гаевского', NULL, NULL),
(1460, 'Гайдара', NULL, NULL),
(1461, 'Гвардейская', NULL, NULL),
(1462, 'Героев Днепра', NULL, NULL),
(1463, 'Гоголя', NULL, NULL),
(1464, 'Горького', NULL, NULL),
(1465, 'Гражданская', NULL, NULL),
(1466, 'Гранитная', NULL, NULL),
(1467, 'Декабристов', NULL, NULL),
(1468, 'Демьяна Бедного', NULL, NULL),
(1469, 'Дзержинского', NULL, NULL),
(1470, 'Днепрова', NULL, NULL),
(1471, 'Днепровская', NULL, NULL),
(1472, 'Добролюбова', NULL, NULL),
(1473, 'Егорова', NULL, NULL),
(1474, 'Жадова', NULL, NULL),
(1475, 'Жилстроевская', NULL, NULL),
(1476, 'Заводская', NULL, NULL),
(1477, 'Звездный', NULL, NULL),
(1478, 'Зелёная', NULL, NULL),
(1479, 'Ивана Приходька', NULL, NULL),
(1480, 'Ивана Франка', NULL, NULL),
(1481, 'Интернационалистов', NULL, NULL),
(1482, 'Интернациональный', NULL, NULL),
(1483, 'Иренеева', NULL, NULL),
(1484, 'Иринеева', NULL, NULL),
(1485, 'К. Маркса', NULL, NULL),
(1486, 'Кавалерийская', NULL, NULL),
(1487, 'Карла Маркса', NULL, NULL),
(1488, 'Карпенка Карого', NULL, NULL),
(1489, 'Каштановая', NULL, NULL),
(1490, 'Квартал 101', NULL, NULL),
(1491, 'Квартал 274', NULL, NULL),
(1492, 'Квартал 278', NULL, NULL),
(1493, 'Квартал 287', NULL, NULL),
(1494, 'Квартал 297', NULL, NULL),
(1495, 'Квартал 304', NULL, NULL),
(1496, 'Киевская', NULL, NULL),
(1497, 'Кирова', NULL, NULL),
(1498, 'Кировоградская', NULL, NULL),
(1499, 'Кленовый', NULL, NULL),
(1500, 'Колхозная', NULL, NULL),
(1501, 'Кооперативная', NULL, NULL),
(1502, 'Космическая', NULL, NULL),
(1503, 'Котлова', NULL, NULL);
INSERT INTO `streets` (`id`, `name`, `created_at`, `updated_at`) VALUES
(1504, 'Котовского', NULL, NULL),
(1505, 'Кохновская', NULL, NULL),
(1506, 'Коцюбинского', NULL, NULL),
(1507, 'Кошевого', NULL, NULL),
(1508, 'Красина', NULL, NULL),
(1509, 'Красная горка', NULL, NULL),
(1510, 'Красноармейская ', NULL, NULL),
(1511, 'Красноградская', NULL, NULL),
(1512, 'Краснофлотская', NULL, NULL),
(1513, 'Крупской', NULL, NULL),
(1514, 'Кузнечная', NULL, NULL),
(1515, 'Куйбышева', NULL, NULL),
(1516, 'Кучерова', NULL, NULL),
(1517, 'Кучмы', NULL, NULL),
(1518, 'Л. Днепрова', NULL, NULL),
(1519, 'Л. Толстого', NULL, NULL),
(1520, 'Левобережная', NULL, NULL),
(1521, 'Левуна', NULL, NULL),
(1522, 'Лейтенанта Днепрова', NULL, NULL),
(1523, 'Ленина', NULL, NULL),
(1524, 'Леонова', NULL, NULL),
(1525, 'Луговая', NULL, NULL),
(1526, 'Льва Толстого', NULL, NULL),
(1527, 'М. Тореза', NULL, NULL),
(1528, 'Макаренка', NULL, NULL),
(1529, 'Малонадежная', NULL, NULL),
(1530, 'Манагарова', NULL, NULL),
(1531, 'Маршала Говорова', NULL, NULL),
(1532, 'Маршала Жукова', NULL, NULL),
(1533, 'Маяковского', NULL, NULL),
(1534, 'Мира', NULL, NULL),
(1535, 'Мичурина', NULL, NULL),
(1536, 'Молодежная', NULL, NULL),
(1537, 'Молодогвардейцев', NULL, NULL),
(1538, 'Московская', NULL, NULL),
(1539, 'Н. Крупской', NULL, NULL),
(1540, 'Набережная', NULL, NULL),
(1541, 'Нагорная', NULL, NULL),
(1542, 'Народных ополченцев', NULL, NULL),
(1543, 'Насосная', NULL, NULL),
(1544, 'Некрасова', NULL, NULL),
(1545, 'Новая', NULL, NULL),
(1546, 'Новокрасноармейская', NULL, NULL),
(1547, 'Новоселовская', NULL, NULL),
(1548, 'О. Вишні', NULL, NULL),
(1549, 'Одесская', NULL, NULL),
(1550, 'Октябрьская', NULL, NULL),
(1551, 'Олега Кошевого', NULL, NULL),
(1552, 'Отраслевой', NULL, NULL),
(1553, 'Павлова', NULL, NULL),
(1554, 'Пальмира Тольяти', NULL, NULL),
(1555, 'Пархоменко', NULL, NULL);

-- --------------------------------------------------------

--
-- Структура таблицы `users`
--

CREATE TABLE `users` (
  `id` bigint(20) UNSIGNED NOT NULL,
  `name` varchar(255) COLLATE utf8mb4_unicode_ci NOT NULL,
  `email` varchar(255) COLLATE utf8mb4_unicode_ci NOT NULL,
  `email_verified_at` timestamp NULL DEFAULT NULL,
  `password` varchar(255) COLLATE utf8mb4_unicode_ci NOT NULL,
  `remember_token` varchar(100) COLLATE utf8mb4_unicode_ci DEFAULT NULL,
  `created_at` timestamp NULL DEFAULT NULL,
  `updated_at` timestamp NULL DEFAULT NULL
) ENGINE=InnoDB DEFAULT CHARSET=utf8mb4 COLLATE=utf8mb4_unicode_ci;

--
-- Дамп данных таблицы `users`
--

INSERT INTO `users` (`id`, `name`, `email`, `email_verified_at`, `password`, `remember_token`, `created_at`, `updated_at`) VALUES
(1, 'sergdsv', 'serg.dsv@gmail.com', NULL, '$2y$10$Jl/eje.gFyVT363rtjIQO.CeW8n6xDSiSktDsZJBSy.mp4nhBz4tK', NULL, '2019-08-28 03:17:00', '2019-08-28 03:17:00'),
(38, 'qwdqwdqw', 'qwd@wed.dfw', NULL, '$2y$10$eIGrPkSxLJIdQtJ0OJzlPO9UBv/1O4Dk6z7YELSdXncV.ZxuwSnoC', NULL, '2019-09-10 11:09:14', '2019-09-10 11:09:14'),
(39, 'wefew', 'ew@nnaa.ww', NULL, '$2y$10$8fPNgQ/LDIiZtbvDkpGDmOwYy9ccMfGG5npJUAj47wo8OBaDrN/KK', NULL, '2019-09-10 11:10:15', '2019-09-10 11:10:15'),
(40, 'edee', 'eee@ww.wa', NULL, '$2y$10$rq8D9t07UocVueQBnfSbnO7WyvSEJPpA0uIg/Io5rL9tm1W/h088m', NULL, '2019-09-10 11:10:50', '2019-09-10 11:10:50'),
(41, '1', '111@de.dd', NULL, '$2y$10$/PbZlylR7RMduR0UNliVr.y4ADTs1QedXgU5BwbwqNVl/ibN1Ujdu', NULL, '2019-09-10 11:11:59', '2019-09-10 11:11:59'),
(42, 'qwdqw', 'qwdqwdq@wdde.efe', NULL, '$2y$10$bVOuGPabROEEVMIs8W.nPe.DpSjbh2pNaw8HwsvglIUkL234C45dW', NULL, '2019-09-10 11:13:14', '2019-09-10 11:13:14'),
(43, 'wqdqwqw', 'qwwq@wde.wewe', NULL, '$2y$10$E7Mz5q67WsOyNtnci5b2gu5JFB2wtEynOQFJM7CDEYtnXcgQVf4T.', NULL, '2019-09-10 11:14:59', '2019-09-10 11:14:59'),
(44, 'wwwqq', 'qwqw@qwsdqw.dd', NULL, '$2y$10$X13GXuYs7Cx7hPu.XlHPtOJhBfZXiqbduihxOXZiw48SURbXLEW2.', NULL, '2019-09-10 11:15:30', '2019-09-10 11:15:30'),
(47, 'wwqw', 'serg.dsv@gmail.coms', NULL, '$2y$10$rEN2wICzx98EqTg0fScAt.FSzI5vvzubKeUHsHHBSZ5LwUGmLDc5a', NULL, '2019-09-10 11:16:59', '2019-09-10 11:16:59'),
(48, 'qwdqw', 'ww@ss.ss', NULL, '$2y$10$Qee/JRKWosuEPC9anW0sJOgIboN8AZ6vCfmAC73fm8EDcRAvxrjNi', NULL, '2019-09-10 11:31:13', '2019-09-10 11:31:13'),
(49, 'sds', 'wdw@qefdew.ww', NULL, '$2y$10$IPba0iFQ9AVQRY54RZrk/eStIdfwfMDZe1o951DzqUCfYxUrhdbea', NULL, '2019-09-10 11:32:20', '2019-09-10 11:32:20');

--
-- Индексы сохранённых таблиц
--

--
-- Индексы таблицы `comments`
--
ALTER TABLE `comments`
  ADD PRIMARY KEY (`id`);

--
-- Индексы таблицы `failed_jobs`
--
ALTER TABLE `failed_jobs`
  ADD PRIMARY KEY (`id`);

--
-- Индексы таблицы `houses`
--
ALTER TABLE `houses`
  ADD PRIMARY KEY (`id`);

--
-- Индексы таблицы `images`
--
ALTER TABLE `images`
  ADD PRIMARY KEY (`id`);

--
-- Индексы таблицы `migrations`
--
ALTER TABLE `migrations`
  ADD PRIMARY KEY (`id`);

--
-- Индексы таблицы `organizations`
--
ALTER TABLE `organizations`
  ADD PRIMARY KEY (`id`);

--
-- Индексы таблицы `password_resets`
--
ALTER TABLE `password_resets`
  ADD KEY `password_resets_email_index` (`email`);

--
-- Индексы таблицы `posts`
--
ALTER TABLE `posts`
  ADD PRIMARY KEY (`id`);

--
-- Индексы таблицы `streets`
--
ALTER TABLE `streets`
  ADD PRIMARY KEY (`id`);

--
-- Индексы таблицы `users`
--
ALTER TABLE `users`
  ADD PRIMARY KEY (`id`),
  ADD UNIQUE KEY `users_email_unique` (`email`);

--
-- AUTO_INCREMENT для сохранённых таблиц
--

--
-- AUTO_INCREMENT для таблицы `comments`
--
ALTER TABLE `comments`
  MODIFY `id` int(10) UNSIGNED NOT NULL AUTO_INCREMENT, AUTO_INCREMENT=9;

--
-- AUTO_INCREMENT для таблицы `failed_jobs`
--
ALTER TABLE `failed_jobs`
  MODIFY `id` bigint(20) UNSIGNED NOT NULL AUTO_INCREMENT;

--
-- AUTO_INCREMENT для таблицы `houses`
--
ALTER TABLE `houses`
  MODIFY `id` int(10) UNSIGNED NOT NULL AUTO_INCREMENT, AUTO_INCREMENT=1286;

--
-- AUTO_INCREMENT для таблицы `images`
--
ALTER TABLE `images`
  MODIFY `id` int(10) UNSIGNED NOT NULL AUTO_INCREMENT, AUTO_INCREMENT=34;

--
-- AUTO_INCREMENT для таблицы `migrations`
--
ALTER TABLE `migrations`
  MODIFY `id` int(10) UNSIGNED NOT NULL AUTO_INCREMENT, AUTO_INCREMENT=26;

--
-- AUTO_INCREMENT для таблицы `organizations`
--
ALTER TABLE `organizations`
  MODIFY `id` int(10) UNSIGNED NOT NULL AUTO_INCREMENT, AUTO_INCREMENT=12;

--
-- AUTO_INCREMENT для таблицы `posts`
--
ALTER TABLE `posts`
  MODIFY `id` int(10) UNSIGNED NOT NULL AUTO_INCREMENT, AUTO_INCREMENT=47;

--
-- AUTO_INCREMENT для таблицы `streets`
--
ALTER TABLE `streets`
  MODIFY `id` int(10) UNSIGNED NOT NULL AUTO_INCREMENT, AUTO_INCREMENT=1556;

--
-- AUTO_INCREMENT для таблицы `users`
--
ALTER TABLE `users`
  MODIFY `id` bigint(20) UNSIGNED NOT NULL AUTO_INCREMENT, AUTO_INCREMENT=50;
COMMIT;

/*!40101 SET CHARACTER_SET_CLIENT=@OLD_CHARACTER_SET_CLIENT */;
/*!40101 SET CHARACTER_SET_RESULTS=@OLD_CHARACTER_SET_RESULTS */;
/*!40101 SET COLLATION_CONNECTION=@OLD_COLLATION_CONNECTION */;
